Lookup;Reference
3P PERFORMANCE PLASTICS PRODUCTS;3P-Performance Plastics Products
3P PROFIL;APPROFLON
A RAYMOND;ABRACON
A.C.T. / AMPHENOL;AMPHENOL
AA2DE;ADDEV
AB CHIMIE;ABCHIMIE
ABBOTT INTERFAST;INTERFET
ACGS MESURE;MEUSBURGER
ACME / SKIFFY;SKIFFY
ACTIVERT RCSI;GAIA CONVERTER
ACTPRO LIMITED (APX-CRYSTAL);MICRO CRYSTAL
ADDEV MATERIALS / EUROBANDS;FINAL MATERIALS
ADELA;NADELLA
ADHESIF TECHNIQUE INDUSTRIEL;TECHNI INDUSTRIES
ADMOTEC PRECISION AG;TAMPOPRINT AG
ADVANCED SEMICONDUCTOR, INC.;MDE SEMICONDUCTOR INC
AED;ADR
AEDS BD Fixations;FDI Fixations
AEG TELEFUNKEN / VISHAY;TELEFUNKEN
AERO ELECTRIC CONNECT. (CONESYS);DAEWOO ELECTRONIC COMPONENTS CO LTD
AEROSPATIALE MATRA MISSILES;INTERNATIONAL TRANSFORMERS
AEV LIMITED;GACHES CHIMIE
AGFA GEVAERT;GAIA CONVERTER
AGI-CLAL;G-LALO
AGILENT TECHNO./ AVAGO;WALSIN TECHNOLOGY
AGP L'ABRASIENNE;LA CLUSIENNE
AI TEK INSTRUMENTS LLC;TEXAS INSTRUMENTS INC
AIR LB / AMPHENOL;AMPHENOL
AIRBUS FRANCE;FIBRO FRANCE
AIRPAX;UNIFRAX
AKZO NOBEL AEROSPACE COATINGS;SAE AEROSPACE
AKZO NOBEL POWER COATINGS;TEER COATINGS
ALCAN ABRASIFS REFRACTAIRES CERAMIQ;ABC TAIWAN ELECTRONICS CORP
ALCATEL / FCI;ALCATEL
ALLEN BRADLEY;BRADY
ALME;ACME
ALSTHOM IVA;PAULSTRA
ALTERA/INTEL;ALTERA
ALUTRONIC;VALTRONIC
AMANN FRANCE;LANFRANCO
AMATOM;FRAMATOME
AMD /BREGUET AVIATION;ML LUBRIFICATION
AMERICAN TECHNICAL CERAMICS;SAFRAN AEROTECHNICS
AMPHENOL AIR LB;AMPHENOL
AMPHENOL SOCAPEX;AMPHENOL
AMS Technologies;CML Innovative Technologies
ANDERSON;ANDEROL
ANGST PFISTER SA;HANGSTERFERS
AOIP;ATP
APD SEMICONDUCTOR;QP SEMICONDUCTOR
APEM (MORS);APEM
APERAM STAINLESS PRECISION;AERO STANREW LTD
APPH (BOSTON) LTD;AERO STANREW LTD
APT;ATP
APX;ATP
APX SARL;FILP SRL
ARCANE INDUSTRIES;CRC INDUSTRIES
ARCEL;ACCEL
ARCOL UK LIMITED;AIR LIQUIDE
ARCONIC  FASTENING SYSTEMS;SAFRAN LANDING SYSTEMS
ARCONIC FIXATIONS SIMMONDS SAS;STANFORD TELECOMMUNICATIONS INC
ARCONIC GLOBAL FASTENERS & RINGS;TR FASTENINGS
ARMOR SAS;MORSE
ARNOLD;ARCOL
ARS ZAET;WAFERSCALE
ASC Capacitors;APSOparts
ASEA HAFO;ABB HAFO A B
ASENSOR TECHNOLOGY AB;WALSIN TECHNOLOGY
ASJ;ASF
AST BEARING;RBC BEARINGS
ATE SPECIALITES CHIMIQUES;GACHES CHIMIE
ATELIERS DE LA HAUTE GARONNE;ECLIPSE MAGNETICS
ATI;ATP
ATMEL;ACTEL
ATOS;ATOMS
AUBERT ET DUVAL;AUBERT&DUVAL
AUGAT / COTTERLAZ;GAIA CONVERTER
AUSTIN SEMICONDUCTOR INC.(MICROSS);ASI SEMICONDUCTOR INC
AUTOMAKE UP;ULTIMAKER
AUXEL;AEL
AUXITROL;CASTROL
AVI & PESCHARD;AE PETSCHE
AVIONIC INSTRUMENTS INC.;TEXAS INSTRUMENTS INC
AXON' MECHATRONICS SAS DIV.LOUPOT;CAMBION ELECTRONICS LTD
AXSON FRANCE;FIBRO FRANCE
AZTRONIC / VISHAY;ARCOTRONICS
B+B THERMO-TECHNIK GMBH;INTERTECHNIQUE
BAC (CKB);BAC Bobinage
BAFA.SA;BASF
BAG DISTRIBUTION;ADI AMERICAN DISTRIBUTORS INC
BALAJI AMINES;VAILLAT COATINGS
BARDEN CORPORATION;LORD CORPORATION
BARDEN FAG;ARDEA
BASF AKTIENGESELFSCHAFT;SAFRAN AICRAFT ENGINES
BASF COATINGS S.A.S;VAILLAT COATINGS
B-B THERMO-THECHNIK;INTERTECHNIQUE
BBC HAFO;ABB HAFO A B
BECKMAN (BI TECHNOLOGIES);BI TECHNOLOGIES
BEE;BENDER
BEL FUSE INC;BEL FUSE
BENTLEY HARRIS SA;HARRIS
BERG ELECTRONICS / FCI;BH ELECTRONICS
BERGOIL ITALIANA;SPECIAL METALS
BERGQUIST;CERGY-VIS
BERNE SAS;RENESAS
BEYSCHLAG CENTR./ VISHAY;TECHNI INDUSTRIES
BFI / MAGNETICS;MAGNETICS
BHC-AEROVOX;BARNBROOK
BICEL-TECHNOWORLD / FIMOR;BI TECHNOLOGIES
BILLITON;DIGITRON
BINAME;INA
BIVAR ELECTRONIC ASSEMBLY HARDWARE;MIC ELECTRONICS LTD
BKC;BECK
BLASER SWISSLUBE AG;ELECTROLUBE
BLUESTAR SILICONES FRANCE;CSL SILICONE INC
BOCA  Semiconductor;WeEn Semiconductors
BOEING;EDDING
BOHLER THYSSEN;BORCHERS
BOLLE SAFETY;BEKAERT
BÖLLHOFF OTALU;BOLLHOFF
BOLLORE JIVAL;GOLDEN ALTOS
BORRELLY;BREYDEN
BOSCH REXROTH SAS;REXROTH
BOSCH ROBERT GMBH HAUPTVERWALTUNG;FISCHER ELEKTRONIK GMBH & CO KG
BOSS;BOSCH
BOSSARD;CORSAIR
BOSTIK INC;BOSTIK
BOURGEOIS (PARIS);E.BOURGEOIS
BOUTET;ABBOTEC
BOWERS METROLOGIE;VERO TECHNOLOGIES
BOWTHORPE THERMISTORS (STC);STANFORD TELECOMMUNICATIONS INC
BP FRANCE;FIBRO FRANCE
BRADY (D.F.E.E.);BRADY
BRADY / SIGNALS;PRO-SIGNAL
BRADY CORPORATION;LORD CORPORATION
BRALO SA;BALSEAL
BREE;BREYDEN
BREYDEN PRODUCTS INC;RONT PRODUCTION
BRISTOL INDUSTRIES;BELL INDUSTRIES
BUCHER AG LANGENTHAL SCHMIERTECHIK;CENTRAL SEMICONDUCTOR CORP
BULGIN-ELEKTRON;WURTH ELEKTRONIK
BURR-BROWN / TEXAS;BURR BROWN
BURTON;BOURNS
BUSAK+SHAMBAN;BRABANT
CADDOCK;CAMLOC
CAMBION;CABOT
CANNON;CATO
CAOUTCHOUC D'ARGENTEUIL;VEBER CAOUTCHOUC
CAPRI;CARLISLE
CARPENTER FRANCE;PETERCEM
CASTOLIN;CASTROL
CAVOTEC RMS S.A.;CANTHERM
CCB COMPOSANT S.A;NIC COMPONENTS
CDI;CODI
CDIL;CILS
CEFILAC;FILPACK
CELDUC;LEDUC
CELM;ELMA
CEM (DIMACEL);SEMICONWELL
CENTRAL SEMICONDUCTOR CORP.;CENTRAL SEMICONDUCTOR CORP
CERBERUS;HERAEUS
CERCLEUROP;HPCEUROPE
CFPI;ECOFIT
CGCE;CCIE
CHANET PEINTURES;TECHNI INDUSTRIES
CHAPELLET ILE DE FRANCE;CHAPELLET
CHAUVIN ARNOUX;AVK AERO
CHAVANOZ INDUSTRIE;TECHNI INDUSTRIES
CHEMFAB FRANCE;FIBRO FRANCE
CHEMTRONICS (GROUPE ITW);CHEMTRONICS
CHILISIN ELECTRONICS CORP.;ABC TAIWAN ELECTRONICS CORP
CHOMERICS / ACOFAB;CHOMERICS
CKB;C&K
CLAL-MSX-SA;CALMARK
CLAMAGIRAND;LEGRAND
CLARE;CALMARK
CMAC;C-MAC
CMP FRANCE;FIBRO FRANCE
CMP M & M;COMPELMA
COATED PRODUCTS HANS KOLB WELLPAPPE;FAIR-RITE PRODUCTS CORP
COATES LORILLEUX SCREEN;MILLER STEPHENSON
COLOREY;COLE
COMASEC;C-MAC
COMATEC;MAYTEC
COMATEL / PRONER / KONTEK;STELVIO KONTEK SPA
COMEPA;COMPELMA
COMPAGNIE GENERALE DES PLASTIQUES;COMPENSATED DEVICES
COMPTOIR LYON-ALEMAND LOUYOT;COMPUTER COMP
COMPUTER PRODUCTS;MAJR PRODUCTS
COMUTEC;COMPUTER COMP
CONNECTRAL / FCI;CONNECTRAL
COOKSON ELECTRONICS ASSEMBLY;COOKSON ELECTRONICS
COOPER BUSSMANN;POPPELMANN
COOPER INDUSTRIES;CRC INDUSTRIES
COREL / LCC / AVX;CORNELL DUBILIER ELECTRONICS INC
Cornell Dubilier Electronics, Inc.;Standex Electronics
CORNU ELMBALLAGE;LYONDELLBASELL
CORUS UK LTD-AEROSPACE;COLLINS AEROSPACE
COTO TECHNOLOGY;MICRON TECHNOLOGY
COTRONICS;ARCOTRONICS
COVENTYA SAS;COVENTYA
CRC INDUSTRIE FRANCE;CRC INDUSTRIES
CREE;CEFEM
CRIMSON;RIEDON
CROYLEK LIMITED;TOPLINE ELECTRONICS LIMITED
CTEC FRANCE;FIBRO FRANCE
CTI;CTS
CUI INC;CINCH
CURTIS;CTS
CYPRESS SEMICONDUCTOR CORP.;CENTRAL SEMICONDUCTOR CORP
DABURN;DEARBORN
DALE / VISHAY;VISHAY
DALKE;DALE
DASSAULT AVIATION;DASSAULT
DATA DELAY EDEVICES INC.;DATA DEVICE CORP
DATA DEVICE CORPORATION;DATA DEVICE CORP
DATE;DATEL
DCN-RUELLE;NORELEM
DCT ENGINEERING;PENN ENGINEERING
DDK;TDK
DDM-HOPT + SCHULER;HOPT-SCHULER
DEGOMETAL;CHEMETALL
DEGUSSA FRANCE;DEGUSSA
DELO INDUSTRIAL ADHESIVES;BELL INDUSTRIES
DELTEC;DELTECH
DELTRON;SEALTRON
DESMARQUOY / CLAMAGIRAND / ASKOL;DECRANE AERO
DETAKTA;DELTA
DEUTSCH;DELTECH
DEUTSCH CARRIER KHEOPS BAC;WESTON AEROSPACE
DEUTSCH RELAYS INC/STPI GROUP;STPI GROUP
DEUTSCHE EDELSTAHLWERKE;WURTH ELEKTRONIK
DICEP EMC;DECELECT
DIELECTRIC LABORATORIES INC;LPS LABORATORIES
DOGA;EOA
DOLOY;DELO
DOW CHEMICAL COMPAGNY;FEI COMPANY
DOW CHEMICAL COMPANY;FEI COMPANY
DOW CORNING FRANCE;DOW CORNING
DOW FRANCE SAS;FIBRO FRANCE
DRADY;BRADY
DRALORIC / VISHAY;VISHAY
DRALOWID (COREL);DOW CORNING
DRI RELAYS INC / STPI GROUP;STPI GROUP
DSG FRANCE;GRACE
DSI;DRI
dSPACE;STACEM
DU PONT DE NEMOURS INTERNATIONAL;DUPONT DE NEMOURS
DUPONT / FCI;DUPONT DE NEMOURS
DUVAL MESSIEN;MEIDEN
DYMO;MBO
DYNA;KAYNAR
DYNALOAD (TEKELEC);ALCATEL
DYTRAN INSTRUMENTS INCORPORATED_USA;TEXAS INSTRUMENTS INC
DZUS FRANCE;DURACELL
E.A.T.;EATON
E2V TECHNOLOGIES;VERO TECHNOLOGIES
EATON LIMITED;EATON
EATON LIMITED AEROQUIP PRODUCTS;AIR PRODUCTS
EBG (ETRONICS);ETRONICS
ECROUS SECURITS;FERRON VERINS
EDDING LEGA INTERNATIONAL B.V.;ECS INC INTERNATIONAL
EFCO / GESPAC / EUROFARAD;ELECO PANACOL - EFD
EFFBE GAMMA;CEFEM
EGEE;GREER
EIC;TEMIC
EILOR MAGNETIC CORES;ECLIPSE MAGNETICS
ELANTAS (GROUPE ALTANA);EXXELIA GROUP
ELANTAS DEATECH SRL;LANCASTER
ELANTAS ITALIA (GROUPE ALTANA);EXXELIA GROUP
ELCO / AVX;ALCOA
ELDRE;EREM
ELECO PANACOL EFD GROUPE HONLE;ELECO PANACOL - EFD
ELECO PRODUITS;ELECTRODYNAMICS
ELECTRONIC CONCEPTS INC.;ELECTRONIC CONCEPTS INC
ELEKTRON TECHNOLOGY  /  ARCOLECTRIC;UNION TECHNOLOGY CORP.
ELKEM SILICONES FRANCE;CSL SILICONE INC
ELKEM SILICONES USA CORPORATION;CONDAT CORPORATION
ELPI / EUROFARAD;EUROFARAD
EMBALLAGE SA (SAINT FRERES);ALLIAGES INDUSTRIES
EMERSON ET CUMING;EMERSON&CUMING
EMHART FASTENING & ASSEMBLY;TR FASTENINGS
EMHART FASTENING ASSEMBLY;TR FASTENINGS
EMHART TEKNOLOGIES;TEXPART TECHNOLOGIES
EMPREINTE SPECIALITES SA;MEASUREMENT SPECIALTIES INC
ENERPAC BV;WESTON AEROSPACE
ENERTEC (ENERDIS);SAFRAN AEROTECHNICS
ENTRELEC;ANTELEC
EOZ SOLUTIONS & COMPONENTS. SAS;PRESIDIO COMPONENTS INC
EPMF;JEM
EPOXY TECHNOLOGIE;EPOXY TECHNOLOGY
EPOXY TECHNOLOGY INC;EPOXY TECHNOLOGY
EPSON TOYOCOM CORPORATION;EPSON TOYOCOM CORP
EQUIPEMENTS SCIENTIFIQUES SA;MEASUREMENT SPECIALTIES INC
ERAD FRANCE;FIBRO FRANCE
ERCE;ECE
ERICO;SERICOL
ESC.INC.;CINCH
ESPA S.A.;ESPA
ESSENTRA COMPONENTS EMEA;RS COMPONENTS
ESTERLINE LEACH INTERNATIONAL UE;ECS INC INTERNATIONAL
E-T-A Appareils Electro-techniques;Williamson Electronique
E-TEC;Q-TECH
EUPEC;EPCI
EURODIP (MECAP);HPCEUROPE
EUROLAP;EUROSTAT
EUROMEGA;EUROSTAT
EUROMEGA ISOCEL;DURACELL
EUROTECHNIQUE;INTERTECHNIQUE
EVERLIGHT (TECHNO PROFIL);EVERLIGHT ELECTRONICS CO LTD
EVOX;NEVAX
EXAR;EXAIR
EXXELIA SAS;EXXELIA GROUP
EXXELIA TANTALUM;EXXELIA GROUP
EXXELIA TECHNOLOGIES;BI TECHNOLOGIES
EXXON MOBIL;EXXONMOBIL
FABER ENTREPRISE (GARDENA);AERO STANREW LTD
FABORY FRANCE;FIBRO FRANCE
FAGOR ELECTRONICA;HALO ELECTRONICS
FAIRCHILD;ARCOL
FAIR-RITE PRODUCTS CORP.;FAIR-RITE PRODUCTS CORP
FASTENAL;AKSTEEL
FASTRON GMBH;FASTRON
FCI FRANCE;FIBRO FRANCE
FERRAZ;FERRO
FERROXCUBE;ELECTROCUBE
FEY JOSEF;FRANCE JOINT
FIABLE / EUROFARAD;EUROFARAD
FIBET RUBBER BONDING;TEER COATINGS
FILOTEX;DIOTEC
FILTRERI;EUROFILTER
FIMOR;FIMM
FINAL;INA
FIP;FCI
FIRPLAST;REVOLUPLAST
FISCHER;BIRTCHER
FISCHER CHEMIE;GACHES CHIMIE
FONDAM;FONDEX
FONDEX SA;FONDEX
FONTARGEN;FONDEX
FORCE TECHNOLOGIES LTD;FORCE TECHNOLOGIES
FRAMAPACK;FILPACK
FRANCE IMPORTATION;FRANCE JOINT
FRANCE NEIR;FRANCE JOINT
FRANCEL;FARNELL
FRESSYNET;ESSENTRA
FREUDENBERG SA;GARDNERS
FSH WELDING GROUP SELECTARC;GARFIELD MICROELECTRONICS
FUCHS;JAUCH
FUJI ELECTRIC;SWF ELECTRONICS
FUJIPOLY;FILP SRL
FUTURE TECHNOLOGY DEVICES INT.;FORCE TECHNOLOGIES
GACHES CHIMIES SPECIALITES;GACHES CHIMIE
GALLIA;CAILLAU
GAM / EUROFARAD;EUROFARAD
GASPARD;MAPAERO
GASTALDY LAPEYRE;STANLEY ELECTRIC
GEKA / SFERNICE / VISHAY;SFERNICE
GENERAL ELECTRIC;SCHNEIDER ELECTRIC
GEPE / LIE;GETELEC
GESIPA;ESPA
GI / GSI / GSC / VISHAY;VISHAY
GIGAVAC;AVIATEC
GISS;ISSI
GLOBE IND. (LABINAL);ECS INC INTERNATIONAL
GMN PAUL MULLER INDUSTRIE GMBH;AMPERE INDUSTRIE
GOBIN DAUDE SA;LINDE GAS
GOWANDA ELECTRONICS CORP;ABC TAIWAN ELECTRONICS CORP
GRAYHILL INC.;GRAYHILL
GREER MICRODOT COMPAGNY;FEI COMPANY
GRW;GORE
GSC / GSI / GI / VISHAY;VISHAY
GSI / GI / GSC / VISHAY;VISHAY
HABIA CABLE;HABIA CABLE AB
HALO ELECTRONICS, INC.;HALO ELECTRONICS
HARRIS / TEXAS;HARRIS
HARTING;HARWIN
HCC SA;ERCE SARL
HEINRICH SACHS KG;HARTING ELECTRONICS GMBH & CO KG
HEITO;SEMITRON
HELLERMANNTYTON;HELLERMAN
HENGSTLER;HANGSTERFERS
HENKEL AG & CO;HENKEL
HENKEL TECHNOLOGIES FRANCE;SENSATA TECHNOLOGIES INC
HERAEUS QUARZGLAS GMBH & CO.;HARTING ELECTRONICS GMBH & CO KG
HEXCEL COMPOSITES;HEXCEL (STRUCTIL)
HEYMAN MANUFACTURING GMBH;JERMYN MANUFACTURING LTD
HIRELCO;HI-REL
HIROSUGI-KEIKI CO.;MICROSEMI CORP
HITALTECH;HITACHI
HOLT INTEGRATED CIRCUITS INC.;HOLT INTEGRATED CIRCUITS CORP
HONDA TSUSHIN KOGYO CO,LTD;UNION TECHNOLOGY CORP.
HONEYWELL;SEMICONWELL
HONEYWELL/ELMWOOD (HOSHO);HONEYWELL SENSING AND CONTROL
HOS TECHNICK;TECHNIC
HOTTINGER BALDWIN MESSTECHNIK GMBH;HARTING ELECTRONICS GMBH & CO KG
HOUGHTON PRODUCTEC;HOUGHTON
HOURDIN/CHOMEL;PRINCEL.
HOWMET FASTENING SYSTEMS;TR FASTENINGS
HP / AGILENT / AVAGO;AGILENT
HUCK INTERNATIONAL;ECS INC INTERNATIONAL
HUMISEAL CHASE GLOBAL CENTER;HUMISEAL
HUNTSMAN ADVANCED MATERIALS;MOMENTIVE PERFORMANCE MATERIALS
HYBRIDES SYSTEMES;3D SYSTEMS
HYLOMAR LIMITED;AIR LIQUIDE
HYPERIX;PREMIX
HYPERTAC / SMITHS INTERCONNECT;SMITHS INTERCONNECT (Formerly HYPERTAC)
HYPERTRONICS CORPORATION;ROGERS CORPORATION
IBEREL;HI-REL
IB-GERARD;HI-SHEAR
ICAM SODIPRA;LA SOIE
I-C-I;CICOIL
IEC ELECTRONIQUE (H. CHAMBAUT);IEC ELECTRONIQUE
IERC (SOURIAU);SOURIAU
IMPHY / TCT;MAYTEC
INA ROULEMENTS S.A.;TEXAS INSTRUMENTS INC
INFINEON TECHNOLOGIES;VERO TECHNOLOGIES
INSTEC (ALCYON);INSERCO
INTEGRATED DEVICE TECHNOLOGY;LINEAR TECHNOLOGY
INTEGRATED PROCUREMENT TECHNOLOGIES;UNITED TECHNOLOGIES
INTEGRATED SILICON SOLUTION;INTERCONNECT SOLUTION GROUP
INTERCONECTION MARKETING INC;INTERNATIONAL MANUFACTURING SERVICES INC
INTERCONNEXIONS;INTERCONNECT SOLUTION GROUP
IQD FREQUENCY PRODUCTS LTD;AIR PRODUCTS
ISABELLENHUTTE (BALLOFFET);ISABELLENHUTTE
ISNA HARVARD INDUSTRIES INC;POSITRONIC INDUSTRIES INC
ISOGAINE;SONGHAN
ISOLA;ISOVOLTA
ISOLANTS COMPOSITES;MICROSS COMPONENTS
ISOLANTS DP;ELANTAS
ISOLECTRA MARTIN;ISOLECTRA-MARTIN
ISOLINK;EPOLIN
ISOTEK CORP;ISOTEK
ITEQ;INTEL
ITT CANNON;TITANOX
ITT INDUSTRIE (C & K);ICM INDUSTRIE
ITW LLC ET CO.KG;VAILLAT COATINGS
ITW SPRAYTEC;MAYTEC
J AND R METALWORK INDUSTRY;AMPERE INDUSTRIE
JACQUES DUBOIS;ALLIAGES INDUSTRIES
JBG METAFIX;JBG-METAFIX
JEHIER;JAEGER
JMS ELECTRONICS INC;STACKPOLE ELECTRONICS INC
JOHANSON COMPANY (AMC);ORGANIC COMPANY
JOHANSON DIELECTRICS INC.;COOKSON ELECTRONICS
JOHN DOLPH COMPAGNY;ORGANIC COMPANY
JOINT OUEST;CONDI OUEST
JST;STC
J-TECH;Q-TECH
JUDD WIRE;MARABU WERKE
JULABO GMBH;OSHINO LAMPS GMBH
JUPITER / FCI / SOURIAU;SOURIAU
KAHNETICS;MAGNETICS
KARL E. BRINKMANN;ZARLINK
KATO FASTENING SYSTEMS;TR FASTENINGS
KE KITAGAWA GMBH;OSHINO LAMPS GMBH
KEMET ELECTRONICS CORP.;GPD OPTOELECTRONICS CORP
KLIXON / TEXAS;SILICON LABS
KLUBER LUBRIFICATION;ML LUBRIFICATION
KNOWLES / SYFER;KNOWLES CORP
KOA;EOA
KONTEK COMATEL;NOMEL
KONY;MDX-KONY
KRAUS-NAIMER (SOLENOID FRANCE);FIBRO FRANCE
KREMPEL GMBH;KREMPEL
KRIEG ET ZIVY;KUPIETZ
KUKDONG ELECTRONIC PRECISION;COOKSON ELECTRONICS
KUNZE;KLUBER
KUNZE FOLIEN;EPOLIN
KYUSHU DENTSU.CO.;IDENTCO
LA SOIE-NEYME SAS;LA SOIE
LABINAL SA;BALSEAL
LABORATOIRE ERAD;LPS LABORATORIES
LABORATOIRES CHOISY LTEE;LPS LABORATORIES
LA-COINDUSTRIES EUROPE SAS;CRC INDUSTRIES
LAGUERRE CHIMIE;SERVICE CHIMIE
LAIRD TECHNOLOGIES;API TECHNOLOGIES
LAMBERT RIVIERE;BERNIER
LAPHI;LAPP
LATTICE SEMICONDUCTOR CORP.;CENTRAL SEMICONDUCTOR CORP
LBFS DIVISION RELLUMIX;SEMICONWELL
LCC/TPC / AVX;AVX
LE BRONZE INDUSTRIEL;AMPERE INDUSTRIE
LE RIVET FORE;DERIVERY
LECLANCHE S.A.;LECLANCHE
LEDTRONIC;LEDTRONICS
LEMO FRANCE SARL;ERCE SARL
LEROUX ELASTOMERES;APEX FASTENERS
LES MODELES FRANCAIS;LE JOINT FRANCAIS
LESSEL;BALSEAL
LEVRAT;ALTERA
LGC;GCT
LHOTELLIER MONTRICHARD;HALO ELECTRONICS
LIGHTING DIVERSION SYSTEMS;LINEAR SYSTEMS
LINDE GAS SA;LINDE GAS
LISI AUTOMOTIVE NOMEL SAS;LISI AUTOMOTIVE
LITE-ON TECHNOLOGY CORPORATION;UNION TECHNOLOGY CORP.
LITTELFUSE / CONCORD SEMICONDUCTORS;LITE-ON SEMICONDUCTOR
LITTLESTAR PLASTICS;GE PLASTICS
LITTON - VEAM;SOLITRON DEVICES
LJF HUTCHINSON;HUTCHINSON
LMB;LEM
LMI;LEM
LOCTITE FRANCE;LOCTITE
LSI (ISC);LSI LOGIC
LTC;RTC
LTM;LEM
LUCKY FORESTS;CYPRESS
LYRA FRANCE;LANFRANCO
LYRECO;RECOM
M.E.I.R.I.;MICROCHIP
MACQUART & CIE;MACTAC
MAF;SIMAF
MAGLAB LCC;MAGNALUBE
MAGNATEC;MAGNETEK
MALLORY;METALOR
MARATHON POWER TECHNOLOGIES COMPANY;BETA TRANSFORMER TECHNOLOGY CORP
MARCOLAC;ARCOL
MARCON;ABRACON
MARCONI;ARCONIC
MAR-GOM SRL;AERO STANREW LTD
MARGUET;MAGNETEK
MARKEM IMAJE;ARKEMA
MARL;MARKAL
MARLIN MANUFACTURING CORPORATION;JERMYN MANUFACTURING LTD
MARLYD;MARKAL
MARVELL SEMICONDUCTOR;SEOUL SEMICONDUCTOR
MASSON'S STEEL;AKSTEEL
MATEL PIEZO;ATMEL CORP
MATERIELS DE CONTROLE INDUSTRIEL;AMPERE INDUSTRIE
MATRIX / AMP / TYCO;MATRA MHS
MATRIX / AMPHENOL;AMPHENOL
MATTHEY;MAYTEC
MC2 CHIMIE-DERCAM;CHIMIDEROUIL
MCB;MBO
MCMASTER;LANCASTER
MDE SEMICONDUCTOR INC.;MDE SEMICONDUCTOR INC
MDP SAS;MDP
MECANOSER;MENTOR
MEGGITT-CGS / TYCO;MEGGIT
MERCK EUROLAB;ECOLAB
MERSEN FRANCE SB S.A.S.;FIBRO FRANCE
MESPOULET;MENZOLIT
MESSIER BUGATTI SA;TEER COATINGS
METACONCEPT;MECATRACTION
METALLO;METALOR
METOX;MENTOR
METRIX;ETRI
MGB;GEB
MICAPLY;MOCAP
MICEL;MICREL
MICEL ICT;MICREL
MICRO;MINCO
MICRO LINEAR;MICRONAS
MICRO POWER SYSTEMS (MICROEL);MICRO POWER SYSTEMS
MICROCERAMIQUE;SRT MICROCERAMIQUE
MICROCHIP/MICROSEMI;MICROCHIP
MICROCHIP-MICREL;MICROCHIP
MICROELECTRONIC MARIN;EM MICROELECTRONIC
MICROMETALS ARNOLDS POWER CORES;MICRO COMMERCIAL COMPONENTS CORP
MICRONEL;MICREL
MICROSEMI;MICROSEMI CORP
MICROSS;MICRONAS
MICROTHERM;MICROTECH
MICROTURBO SA;MICRONETWORKS
MILL-MAX MFG. CORP.;MILL-MAX
MILTON ROSS;HAMILTON STANDARD
MINELCO / L3 ELECTRODYNAMICS INC.;CORNELL DUBILIER ELECTRONICS INC
MISSLER TECHNOLOGIE;VERO TECHNOLOGIES
MITEL SEMICONDUCTOR;LITE-ON SEMICONDUCTOR
MMG-SAILCREST;GE SILICONES
MOLEX FRANCE SARL;ERCE SARL
MOMENTIVE AMER IND;MOMENTIVE PERFORMANCE MATERIALS
MORGAN CARBONE FRANCE;ORGANIC COMPANY
MOTOROLA / ONSEMI.;MOTOROLA
MPE (EUROMIP);HPCEUROPE
MULTICOMP;MULTIROIR
MULTI-CONTACT;TICONA
MVR INTERNATIONAL INC;VECTRON INTERNATIONAL
MWS WIRE INDUSTRIES;AMPERE INDUSTRIE
MYONIC;ARCONIC
MYRRA;OMYA
NATIONAL AEROSPACE STANDARDS COMMIT;WESTON AEROSPACE
NATIONAL SEMICONDUCTEUR;NATIONAL SEMICONDUCTOR
NAUDER INDUSTRIE;AMPERE INDUSTRIE
NEC-SA;NEC
NEFAB;LEAB
NEOSID;MMG NEOSID
N'ERGY ELECTROTECHNIQUE;N'ERGY ELECTROTEC
NEW JERSEY SEMICONDUCTOR;NEW JERSEY SEMICONDUCTOR PRODUCTS INC
NEW METALS AND CHEMICALS LIMITED;TOPLINE ELECTRONICS LIMITED
NICHOLS;NICHICON
NICOLITCH;SILITECH
NIPPON CHEMI-CON CORP.;NIPPON CHEMI-CON
NMB;MBO
NORCAN;NORMA
NORWE (COREL);KNOWLES CORP
NSK;NKE
NSK ENGLAND;MS KENNEDY
NSK INDONESIA;SMC DIODES
NSK JAPAN;SECURAPLANE
NSK POLSKA;SOLVAY
NSK UK;KUKDO
NXP SEMICONDUCTORS / NEXPERIA;QP SEMICONDUCTOR
NYLON MOLDING CORPORATION;LORD CORPORATION
OEP;OEC
OK INDUSTRIES FRANCE SA;POSITRONIC INDUSTRIES INC
OMRON;M-TRON
ON SEMICONDUCTOR;QP SEMICONDUCTOR
ONE LIGHT ELECTRONICS;BH ELECTRONICS
ONE LIGHT ELECTRONICS (MANUDAX);EVERLIGHT ELECTRONICS CO LTD
ORBITEC;TRITEC
OSHINO;SATINOX
PALL;PASCALL
PAPECO;PENCOM
PAPST;KAPSTO
PARK ELECTROCHEMICAL;PACO ELECTRONICS
PARKER CHOMERICS;CHOMERICS
PARKER HANNIFIN;PARKER
PARKER HYDRAULICS AND PNEUMATICS;REBLING PLASTICS
PAYTON GROUP;ERPRO GROUP
PEM / TITANOX;TITANOX
PENTAIR / SCHROFF;PENTAIR
PERANCEA;PETERCEM
PERMALI;PERMABOND
PERO FRANCE;FIBRO FRANCE
PETERCEM / ABB FRANCE;PETERCEM
PEXA LTD;AERO STANREW LTD
PHILIPS (RTC) / NXP;PHILIPS SEMICONDUCTORS
PHOENIX CONTACT;PHOENIX
PI / EUROFARAD;EUROFARAD
PIC INDUSTRIES;ICM INDUSTRIE
PIRELLI CABLES ET SYSTEMES;LINEAR SYSTEMS
PLASTELEC;ANTELEC
PLASTIQUE DE FRANCE;FIBRO FRANCE
PLASTIVIS;GE PLASTICS
POLYTETRA;ALTERA
POPPELMANN KAPSTO;POPPELMANN
PORCHER INDUSTRIE;AMPERE INDUSTRIE
PORTESCAP FRANCE SA.;DECRANE AERO
POSITRONIC INDUSTRIES, S.A.S.;POSITRONIC INDUSTRIES INC
POUCHARD;BORCHERS
POWER DEVELOPMENT;POWERSEM
POWEREX;POWERSEM
POWERTRON-RIEDON;FERRON VERINS
PPG COATING;TEER COATINGS
PPG INDUSTRIES;CRC INDUSTRIES
PPI ADHESIVE PRODUCTS LIMITED;TOPLINE ELECTRONICS LIMITED
PRC DESOTO EUROPE;PRC-DESOTO
PRECI-DIP S.A.;PRECI-DIP
PREMO;PEM
PRESTINCERT;ETTINGER
PRODUITS PLASTIQUES PERFORMANTS 3P;MOMENTIVE PERFORMANCE MATERIALS
PROLABO;APPROFLON
PROMATEC;MAYTEC
PRONER / COMATEL / KONTEK;ROGERS CORPORATION
PROTEAUX;PARTEX
PSM FIXATION;ML LUBRIFICATION
PUISSANCE PLUS;PRINCEL.
PYLE / AMPHENOL;AMPHENOL
QE / TEMEX;ZETEX
QK-PIEZO;KUPIETZ
QUALITY TECHNOLOGIES;API TECHNOLOGIES
QUALTEK;ELTEK
QUICK-OHM-CERAMIC;NICOMATIC
QUINCAILLERIE PRINCIPALE;UNIL OPAL
QUINCALLERIE PRINCIPALE;FINAL MATERIALS
QZ PIEZO;KUPIETZ
R.AND D. ELECTRONICS;TDI ELECTRONICS
RABOURDIN INDUSTRIE;ABAX INDUSTRIES
RADIOSPARES COMPOSANTS;RADIOSPARES
RAJA;MURATA
RAKON EUROPE LTD;CAMBION ELECTRONICS LTD
RAMI TECHNOLOGY USA, LCC;API TECHNOLOGIES
RAPHAEL (MAX SAUER);APEX FASTENERS
RAPID;ORAPI
RATIER FIGEAC SA;DRAKA FILECA
RAYCHEM/TYCO/TE CONNECTIVITY;TE CONNECTIVITY
RAYNAUD HYGIENE;SYNTHENE
RBR;AIRBORN
RCA / HARRIS / TEXAS;SAFRAN AEROSYSTEMS
RCD COMPONENTS INC.;RCD COMPONENTS
RCD HYDRAULIQUE;AIR LIQUIDE
RECOM ELECTRONIC GMBH;PACO ELECTRONICS
REL RELAYS / STPI GROUP;STPI GROUP
REMELECTRONIQUE;IEC ELECTRONIQUE
REPUBLIC FASTENERS;APEX FASTENERS
RG SAFETY;SAFT
RHODIA SILICONES EUROPE;GE SILICONES
RHONE-POULENC;METRONELEC
RI2 ELECTRONIQUE;IEC ELECTRONIQUE
RIFA / EVOX;RIEDON
RMB;MBO
RMP/POLYTEC PI SA;POLYTEC PI
ROBERT;PROVERTHA
ROCHESTER ELECTRONICS;ROCHESTER ELECTRONICS LLC
RODHIA SILICONES;GE SILICONES
ROEDERSTEIN / VISHAY;ROEDERSTEIN
RONIS;ETRONICS
ROSAN PRODUCTS;AIR PRODUCTS
ROSE FRANCE;FIBRO FRANCE
ROSLER FRANCE;FIBRO FRANCE
ROULEMENT SERVICE;COMPENSATED DEVICES
RUSSEMBERGER;MEUSBURGER
S.E.F.T.;SAFT
SABRITEC;SABIC
SADAR;ADR
SAFETY;SAFT
SAFETY LABEL SOLUTIONS;PHS ELECTRONIC SOLUTIONS
SAGEM (SAPHYR);SAMARO
SAINT GOBAIN PERFORMANCE PLASTICS;MOMENTIVE PERFORMANCE MATERIALS
SAINT GOBAIN QUARTZ;SAINT GOBAIN
SAMSUNG ELECTRO-MECHANICS CO.LTD.;SAMSUNG ELECTRO-MECHANICS
SAN EI KAGAKU CO LTD;NEW JAPAN RADIO CO LTD
SANYO DENKI;SANYODENKI
SATAIR FRANCE;FIBRO FRANCE
SAVIGNY ET CIE (ETS) SA;MAGNETIC METALS
SAVONNERIE DES DEUX MONDES;DUPONT DE NEMOURS
SBI CONNECTORS ESPANA;MH CONNECTORS
SCAPA EUROPE;HPCEUROPE
SCAPA TAPES FRANCE;SAAT TECH.
SCAPA TAPES ITALIA SPA;SPECIAL METALS
SCHENECTADY SA;CHEMETALL
SCHNORR ADOLF GMGH + CO.KG;FISCHER ELEKTRONIK GMBH & CO KG
SCHRACK;SHURLOCK
SCHURTER-CEHESS;SCHURTER
SDS RELAIS FRANCE;FIBRO FRANCE
SEALED AIR;GLENAIR
SECME / E.A.O.;SECME
SEEGER;JAEGER
SEEM;EREM
SEEM-SEMRAC;SEEM-SEMRAC SN
SEFELEC;FITELEC
SEFRAM;OSRAM
SEIFERT (SCHAFFNER);SCHAFFNER
SEKELS GMBH;OSHINO LAMPS GMBH
SEMICONDUCTOR TECHNOLOGY;MICRON TECHNOLOGY
SENSATA TECHNOLOGIES;SENSATA TECHNOLOGIES INC
SEPHAT;EMHART
SEPIP;EPCI
SERCOM INFORMATIQUE;SOCOMORE
SERFLEX DIVISION TRIDON;CSL SILICONE INC
SERTILEC;SURTEC
SERTITEC SAS / PEM;SEMITEC
SERVIMETAL SA;SPECIAL METALS
SES STERLING SA;SES-STERLING
SESCOSEM (THOMSON) / STM;SGS THOMPSON
SEXTANT AVIONIQUE;SAINT GOBAIN
SFERNICE / GEKA / VISHAY;SFERNICE
SFMI;SIFAM
SGS THOMSON / STM;SGS THOMPSON
SHELTON TECHNOLOGIE CENTER;SENSATA TECHNOLOGIES INC
SHUR-LOCK;SHURLOCK
SIAM RINGSPANN;SIRIO PANEL
SIFCO APPLIED SURFACE CONCEPTS;MICRO QUALITY SEMICONDUCTOR INC
SIFCO SELECTIVE PLATING FRANCE;STANFORD TELECOMMUNICATIONS INC
SIGMA;SIMAF
SIGNAL-CONSTRUCT;NATIONAL INSTRUMENTS
SIGNETICS CORP.;INDIUM CORP
SIJ METAL RAVNE D.O.O;SPECIAL METALS
SIKA AG;SIKA
SILEC;SILITECH
SILICON GEN./ MICROSEMI;SILICON GEN
SILICON LABORATORIES INC.;LPS LABORATORIES
SILICONIX / VISHAY;SILICONIX
sil-mid;Indestructible Paint Ltd
SIMEL;SITIME
SIMMONDS SA;SIMMONDS
SINTERTEC DEPARTEMENT PORAL;WESTERN FILAMENT
SIREMBALLAGE;SMALLEY
SIVAL;SIBA
SJM-EUROSTAT;EUROSTAT
SKF EUROTRADE;EUROFARAD
SKF MAINTENANCE PRODUCTS;AIR PRODUCTS
SKYWORKS SOLUTIONS;QTI SENSING SOLUTIONS
SLOAN;SELA
SNCE / SLCE / LECLANCHE;LECLANCHE
SNC-SOURIAU / FCI;SOURIAU
SOCAMONT;SCAMTECH
SOCIETE CHIMIQUE DE LA COUNEUVE;RHONE CHIMIE INDUSTRIE
SOCIETE DES PETROLES SHELL;ROCHESTER ELECTRONICS LLC
SOCIETE D'ETUDES CONSTRUCTION AERO;INTERCONNECT SOLUTION GROUP
SOCIETE INDUSTRIELLE DE DIFFUSION;POSITRONIC INDUSTRIES INC
SOCITEC;LOCTITE
SOCMO;SOCOMORE
SODIEMA;SIMAF
SODIFLUX;SUPERIOR FLUX
SODIMATEL-FASTENERS;SODIMATEL FASTENERS
SOFLOG-TELIS/ TAILLEUR INDUSTRIE;RHONE CHIMIE INDUSTRIE
SOLID STATE;SOLID POWER
SOLITRON;SEALTRON
SOLVAY ADVANCED POLYMERS FRANCE S.A;MOMENTIVE PERFORMANCE MATERIALS
SOMECAT SPA;MECAGIS
SOREP;GORE
SORITEC;SURTEC
SOULAT FRERES;SAFRAN HERAKLES
SOULE / TELEC / EUROFARAD;EUROFARAD
SOVCOR / VISHAY;VISHAY
SPACE POWER;XP POWER
SPC TECHNOLOGY - NEWARK;SPC TECHNOLOGY - MULTICOMP
SPECIAL KABEL GMBH;SPECIAL METALS
SPECTROL / VISHAY;SPECTROL
SPECTRUM;SPECTROL
SPRAGUE / VISHAY;SPRAGUE
SPS TECHNOLOGIES;API TECHNOLOGIES
SPT (DISTR. MICROEL);ST MICROELECTRONICS
SRT MICROCERAMIQUE FRANCE;SRT MICROCERAMIQUE
SSDI (CPS FRANCE INDUSTRIES);CRC INDUSTRIES
SSI METRIC;SPS ELECTRONIC
STANLEY-IDESS S.A.;STANLER
STAR PACK;STAR-PACK
STAUBLÏ;STAUBLI
STEINERT ELEKTROMAGNETBAU;WURTH ELEKTRONIK
STERLING;SES-STERLING
STMICROELECTRONICS;ST MICROELECTRONICS
STOCKLI;STOCKO
STOCKO GMBH & CO;FISCHER ELEKTRONIK GMBH & CO KG
STOP CIRCUIT;ETA CIRCUIT BREAKERS
STP STAUBLI;STAUBLI
STPI;BOSTIK
STRATASYS;MURATA
STRUERS SAS;RENESAS
SUMIDA CORP.;INDIUM CORP
SUMITOMO;SUMITOMO BAKELITE
SUN CHEMICAL LTD;MASTER CHEMICAL
SUPRATEC;SURTEC
SURAHAMMARS BRUK;INSTAMARK
SURTEC DEUTSCHLAND;AE PETSCHE
SUSSEX;SUPERIOR ESSEX
SUSUMU COMPANY LIMITED;EIC ELECTRONICS INDUSTRY PUBLIC COMPANY LIMITED
SYNFLEX ELECTRO;STANLEY ELECTRIC
TACONIC;ARCONIC
TAILLEUR;THALER
TAITIEN ELECTRONICS;TT ELECTRONICS
TAIYO AMERICA;TAIYO YUDEN
TAIYO INK;TAIYO YUDEN
TAK TECHNOLOGY CO.,LTD;SYFER TECHNOLOGY LTD
TAMURA;MURATA
TC S.A.;TCMS
TCO;TYCO
TCS / TMS / STM;TCMS
TDK EPCOS SIEMENS;SIEMENS
TE CONNECTIVITY SOLUTIONS GmbH-TYCO;INTERCONNECT SOLUTION GROUP
TE CONNECTIVITY/AMP PRODUCTS;TE CONNECTIVITY
TECHNOFLUOR;GSI TECHNOLOGY
TECHNOWORLD;TECHNOGRAPH
TEKELEC /TEMEX CERAM/EXXELIA TEMEX;ELECTRODYNAMICS
TEKTRONIX;ETRONICS
TELEC / EUROFARAD;EUROFARAD
TELEFUNKEN / VISHAY;TELEFUNKEN
TELEMECANIQUE / SCHNEIDER ELEC.;SCHNEIDER ELECTRIC
TELEMETRIE ELECTRONIK;TT ELECTRONICS
TELMAG;ELMA
TENSOLITE COMPAGNY;FEI COMPANY
TESA S.A.S;TEAM COBHAM
TEXAS INSTRUMENT (TI);TEXAS INSTRUMENTS INC
TEXAS/NATIONAL SEMICONDUCTOR CORP.;NATIONAL SEMICONDUCTOR
TEXMO;LEMO
TEXTILVER;DERIVERY
TFC;FCI
THALES AVIONICS ELECTRICAL MOTORS;SAFRAN ELECTRICAL & POWER
THALES SYSTEM  AEROPORTES;ALLEGRO MICROSYSTEMS
THE BERGQUIST COMPAGNY;FEI COMPANY
THE CHEMOURS COMPAGNY;FEI COMPANY
THERMAX;TEMA
THERMIK;THERMEL
THERMO EST;THERMEL
THOMAS & BETTS(OEC)/ TYCO;THOMSON COMPONENTS-MOSTEK CORP
THOMSON COMMUNICAT. / STM;THOMSON CSF-EFCIS
THOMSON CSF / LRE / LIE;THOMSON CSF-EFCIS
THREE BOND EUROPE;WESTON AEROSPACE
THREE-FIVE SYSTEMS;MINI SYSTEMS
THYSSEN;ESSENTRA
THYSSEN DURO METAL;THERMEL
TLM SARL (TOUT LE MAGNETISME);ECLIPSE MAGNETICS
TMC HALLCREST;CHAPELLET
TMS / TCS / STM;TSC ELECTRONICS LTD
TOKEN;EATON
TONNETOT METAUX;MAGNETIC METALS
TORES COMPOSANTS TECHNOLOGIES;FORCE TECHNOLOGIES
TORRINGTON FRANCE DIV FAFNIR;LE JOINT FRANCAIS
TOTAL;MOTUL
TOTEM;TORTUE
TOUGH PARCK PTE LTD;AERO STANREW LTD
TOULEMONDE;LEMO
TRACO;ABRACON
TRANSFLEX;TIFLEX
TRANSISTOR COMPANY (EUROMIP);PRECISION RESISTOR COMPANY
TRANSRACK;TANAKA
TRANSREG;FRANSOR
TRELEC;ANTELEC
TRELLEBORG GROUP;TRELLEBORG
TRESSE INDUSTRIE;AMPERE INDUSTRIE
TRESSE METALLIQUE J.FORISSIER;J.FORISSIER
TRINOVA SA AEROQUIP DIV INDUSTRIELL;AMPERE INDUSTRIE
TSC FERRITE INTERNATIONAL;ECS INC INTERNATIONAL
TT ELECTRONICS WELWYN;TT ELECTRONICS
TUCKER FASTENERS;APEX FASTENERS
TYCO ELECTRONICS UK LTD;TSC ELECTRONICS LTD
UCHIHASHI ESTEC CO;CASTOLIN EUTECTIC
UDD FIM (VON ROLL ISOLA);VONROLL
UGINE;GAGGIONE
UMICORE;MICREL
UNITRODE / TI / MICROSEMI;ALLEGRO MICROSYSTEMS
UNIVAR;UNIFRAX
UTG CHIMIE;GACHES CHIMIE
VAC;VPC
VALPEY-FISHER TECHNOLOGIES;API TECHNOLOGIES
VAPOR BLAST;VARGLAS
VARITRONIX;VALTRONIC
VARLEY;VARFLEX
VELLEMAN;HELLERMAN
VERO TECHNOLOGIES LTD;VERO TECHNOLOGIES
VICOR CORPORATION;LORD CORPORATION
VISHAY / SFERNICE;SFERNICE
VISHAY SEMICONDUCTORS;PHILIPS SEMICONDUCTORS
VISSELECT;FITELEC
VITADRESSE;SAIA-BURGESS
VITRAMON / VISHAY;VITRAMON
VITROHM / YAGEO;VITROHM
VITTA CORPORATION;CONDAT CORPORATION
VMI;MMI
VOGT;GCT
VOIR FICHE TECHNIQUE;INTERTECHNIQUE
VON ROLL DEUTSCHLAND GMBH;OSHINO LAMPS GMBH
VON ROLL FRANCE;FIBRO FRANCE
VONROLL SWITZERLAND LTD;VONROLL
VOSS INDUSTRIES;CRC INDUSTRIES
VSM IMPAVIDE;SMC DIODES
VWR INTERNATIONAL;VECTRON INTERNATIONAL
VWR INTERNATIONAL SAS;VECTRON INTERNATIONAL
WACKER CHIMIE AG;GACHES CHIMIE
WAGO;FAGOR
WALSIN;HAMLIN
WALTER MÄDER AG;ALTERA
WALTHER TROWAL;ALTERA
WEBER;EMBRAER
WEBER METAUX;WESTERN FILAMENT
WEISSER;ESSENTRA
WESSELMANN UMWELTTECHNIK;SAFRAN AEROTECHNICS
WESTCODE;DESTACO
WESTON / EUROFARAD;EUROFARAD
WEVO CHEMIE;SERVICE CHIMIE
WHEELABRATOR GROUP;WHEELABRATOR
WICKMANN;HIRSCHMANN
WINSLOW ADAPTICS LTD.;NEW JAPAN RADIO CO LTD
WOLFSPEED INC.;WOLFSPEED
WSI;QSI
WTE / WON-TOP ELECTRONICS CO.;GPD OPTOELECTRONICS CORP
WÜRTH ELECTRONIK STELVIO KONTEK;PHS ELECTRONIC SOLUTIONS
WURTH ELEKTRONIK EISOS GMBH & CO KG;FISCHER ELEKTRONIK GMBH & CO KG
WÜRTH ELEKTRONIK ICS GmbH & Co. KG;HARTING ELECTRONICS GMBH & CO KG
WYNN'S FRANCE;FIBRO FRANCE
XP POWER PLC;XP POWER
YAGEO CORPORATION;ROGERS CORPORATION
YAMAICHI (MANUDAX);YAMAICHI ELECTRONICS
YELLOZ COMPONENTS;RS COMPONENTS
ZERO CASES (EUROPE);HPCEUROPE
ZESTRON;SENSITRON
ZEUS;DEGUSSA
ABB FRANCE;FIBRO FRANCE
AEP ELECTRONIQUE;IEC ELECTRONIQUE
AMPHENOL AEROSPACE OPERATION;AMP AEROSPACE
AMPHENOL AIR LB FRANCE;AMPHENOL
ANGST AND PFISTER;KINGSTATE
APERAM ALLOYS AMILLY;AAVID THERMALLOY LLC
AVX LTD;AVX
AXON'CABLE SA;AXON CABLE
BOLLHOFF OTALU SA;BOLLHOFF
CARPENTER TECHNOLOGY SA;MICRON TECHNOLOGY
CLICKTOUCH VELLEMAN SWIFT;HELLERMAN
CONNECT ELECT. DEUTSCH;CONNECTEURS ELECTRIQUES DEUTSCH
CT-CONCEPT;ELECTRONIC CONCEPTS INC
DECELECT FORGOS;DECELECT
DIGITAL;DIGITRON
E.T.A;SETA
EATON AEROSPACE LLC;WESTON AEROSPACE
EATON CORPORATION;CONDAT CORPORATION
EATON EMOBILITY FRANCE SAS;WESTON AEROSPACE
EBV ELECTRONIK;BH ELECTRONICS
EQUIPEMENTS SCIENTIFIQUES;FISHER SCIENTIFIC
ERCE SAS;ERCE SARL
ESTERLINE LEACH INTERNATIONAL;ECS INC INTERNATIONAL
EXXELIA SAS (Paris);EXXELIA GROUP
FAIRCHILD FASTENERS EUROPE;FAIRCHILD SEMICONDUCTOR CORP
FCT;CTS
FRANCE NEIR LABORATOIRES;LPS LABORATORIES
GACHES CHIMIE SPECIALITES SA;GACHES CHIMIE
GAUTHIER CONNECTIQUE;TE CONNECTIVITY
HQW AEROSPACE UK LTD;AERO STANREW LTD
INDUCTRON;INTERPOINT
JST FRANCE;SFERNICE
KEMET EUROPE;KEMET
LOUPOT;COUDOINT
MADEP  BEE;MADELEC
MANUDAX FRACE;MANUDAX KONY
MARCHAL R.(CIE);MARABU WERKE
MAXIM FRANCE;FIBRO FRANCE
MERSEN France Angers (ex-ELDRE);Crane Aerospace
MERSEN France La Mure SAS;MERSEN
MICROCHIP TECHNOLOGY IRELAND;MICRON TECHNOLOGY
MITEM - MS COMPOSANTS;MICROSS COMPONENTS
MORGAN CARBON;ORGANIC COMPANY
MOULDED AND ENGINEERED PLASTIC;OMEGA ENGINEERING
NULL;FARNELL
OMEGA ENGINEERING LIMITED;OMEGA ENGINEERING
POSITRONIC INDUSTRIES SAS;POSITRONIC INDUSTRIES INC
SAFRAN ELECTRICAL AND POWER CHATOU;SAFRAN ELECTRICAL & POWER
SAFRAN ELECTRICAL AND POWER CONFLAN;SAFRAN ELECTRICAL & POWER
SCHURTER SAS;SCHURTER
SEEM SEMRAC SN;SEEM-SEMRAC SN
SERMED SARL;ERCE SARL
SERTITEC SAS;SEMITEC
SES STERLING;SES-STERLING
SFERE;SECRE
SOCOMEC;SOCOMORE
SODIMATEL;DATEL
STAUBLI ELECTRICAL CONNECTORS SAS;SAFRAN ELECTRICAL & POWER
STAUBLI FAVERGES SCA;STAUBLI
STPI Paris;STPI GROUP
SYNFLEX;SERFLEX
SYNFLEX (ESSEX NEXANS);SUPERIOR ESSEX
TE CONNECTIVITY SOLUTIONS;TE CONNECTIVITY
TEXAS INSTRUMENTS;TEXAS INSTRUMENTS INC
Thales DMS France;IOLOCK France
THALES GLOBAL SERVICES;STANLEY ELECTRIC
THESSCO SAS;THESSCO AGI-CLAL
TORES COMPOSANTS TECHNOLOGIES SAS;SENSATA TECHNOLOGIES INC
TYCO ELECTRONICS FRANCE SAS;STACKPOLE ELECTRONICS INC
VACUUMSCHMELZE GMBH;VACUUMSCHMELZE
VISHAY COMPOSANTS;VISHAY BC COMPONENTS
WURTH ELEKTRONIK RADIALEX SARL;WURTH ELEKTRONIK
