Index;Customer Id;First Name;Last Name;Company;City;Country;Phone 1;Phone 2;Email;Subscription Date;Website
1;EB54EF1154C3A78;Heather;Callahan;Mosley-David;Lake Jeffborough;Norway;043-797-5229;915.112.1727;urangel@espinoza-francis.net;2020-08-26;http://www.escobar.org/
2;10dAcafEBbA5FcA;Kristina;Ferrell;"Horn; Shepard and Watson";Aaronville;Andorra;932-062-1802;(209)172-7124x3651;xreese@hall-donovan.com;2020-04-27;https://tyler-pugh.info/
3;67DAB15Ebe4BE4a;Briana;Andersen;Irwin-Oneal;East Jordan;Nepal;8352752061;(567)135-1918;haleybraun@blevins-sexton.com;2022-03-22;https://www.mack-bell.net/
4;6d350C5E5eDB4EE;Patty;Ponce;Richardson Group;East Kristintown;Northern Mariana Islands;302.398.3833;196-189-7767x770;hohailey@anthony.com;2020-07-02;https://delacruz-freeman.org/
5;5820deAdCF23EFe;Kathleen;Mccormick;Carson-Burch;Andresmouth;Macao;001-184-153-9683x1497;552.051.2979x342;alvaradojesse@rangel-shields.com;2021-01-17;https://welch.info/
6;E1CDEaC63fDd5aA;Trevor;Lee;Maddox Group;Lake Madelineburgh;Senegal;+1-134-348-0265x9132;+1-313-882-4167;briangriffin@chang.org;2021-08-13;https://www.roberts.com/
7;3e1187fCcebC8d2;Mathew;Hoffman;"Bender; Pittman and Kidd";West Ralph;Uzbekistan;842.380.1168;(178)178-5447x32603;bauergerald@morrison.com;2020-04-09;http://www.holt.com/
8;47C5cEE243c9A7b;Glenn;Wiggins;Glenn-Harvey;Ambershire;Falkland Islands (Malvinas);245-207-5608x563;8806867785;changkellie@howell.com;2021-04-02;http://carlson.com/
9;cacaD68a5e4BF4b;Bruce;Payne;"Arroyo; Cain and Hudson";Barrettview;Zimbabwe;391.313.4649x42910;166.227.5055;mayerjerome@hurst-graham.net;2020-11-26;https://www.glenn-snow.com/
10;436b9c41cfb1fa3;Brendan;Franco;"Schaefer; Blair and Shaffer";New Rickey;Ukraine;001-315-224-3556;254-621-7128x7573;kentryan@stone-oneill.com;2021-06-29;http://ruiz.com/
11;9653ca648e2E414;Martin;Hawkins;Lopez Inc;Lake Bobton;Mauritania;001-402-567-1320;732-908-7945;danielbuckley@hatfield.info;2021-05-02;https://www.newman.com/
12;e586A2D67bcdB48;Sara;Shaffer;"Dudley; Coleman and Green";Orrland;Gambia;4229986278;001-028-824-7381x56737;gabrielaleach@rose.net;2021-04-07;https://www.hoffman-rubio.com/
13;c388ECa44FFe37c;Dave;Moran;Harrell-Donovan;South Elizabeth;Sweden;575.006.7250x9748;262-029-1096;cartermallory@chung.com;2020-02-28;https://hinton.info/
14;f8dddbf9CD6FF92;Glen;Hammond;"Schaefer; Chung and Lin";Pamelatown;Netherlands;001-887-543-3745x055;001-955-888-1987x09071;lweeks@hooper.org;2022-03-03;https://bush-huynh.org/
15;86Df56BFCc0a7CA;Catherine;Blackwell;"Mack; Garcia and Schaefer";Lake Seth;Dominican Republic;001-915-961-8896x5744;(310)185-3032x0974;calhounalisha@hardin.net;2021-03-30;https://barker-bishop.info/
16;2cfDE68A372cC7A;Larry;Newton;Downs PLC;Mannstad;Belize;(216)514-1412;001-449-365-5864x147;ypayne@gaines.biz;2020-08-09;https://figueroa.com/
17;14CBc0BDfbE6FEA;Danny;Archer;"Castro; Haney and Hanna";East Diamond;Cook Islands;8416559700;001-212-234-3412x91164;nwu@brady-chen.com;2021-05-21;http://www.callahan.net/
18;48b3ACBfD6A5cdC;Kim;Griffin;Tyler-Levine;New Gwendolyn;Saint Kitts and Nevis;597.367.9499x5429;506.141.4174x6326;harold11@mullen.org;2021-06-02;http://www.mclaughlin-hubbard.net/
19;dB52fA7Bec665C1;Kristin;Valencia;Liu-Douglas;Martinezstad;French Southern Territories;443-671-1725x7073;6244311825;andrewsanders@marks.com;2021-04-17;http://www.myers.com/
20;e99DcfDaDac8a06;Hannah;Ramsey;Hicks-Duran;Port Adrianport;Singapore;(822)795-8754x29384;(769)638-7026x967;amy99@booker.com;2020-12-30;http://www.larsen-floyd.biz/
21;28D7BcC82d076F2;Barry;Meadows;"Weiss; King and Morrison";Wallston;Congo;629.168.7457;001-092-440-6540;basschristian@faulkner.com;2020-01-01;https://chavez.com/
22;Beb0D2e4BA54a51;Roy;Brock;Becker-Woodard;Port Martha;Zimbabwe;001-102-869-0189x1414;303.040.0780x2768;ldelacruz@spence.com;2021-06-27;https://www.norman.org/
23;EFe791B6Ce06A1A;Patricia;Pope;Zavala-Garcia;East Johnnystad;Tonga;775.341.8738x21724;(786)324-4817x9051;hayleyritter@price.net;2020-05-19;http://www.moyer.com/
24;Ebe45ac4Ae5e20C;Alan;Stanton;Munoz and Sons;Lake Isaiahview;Costa Rica;(510)542-0174x853;995.008.2375x973;yhebert@hays-rivera.com;2020-01-23;http://young.com/
25;E31a9699DF2A0eF;Philip;Flynn;Morton Ltd;West Guy;Oman;881-632-0721x11032;(881)992-9151x74921;austinhobbs@briggs.com;2020-09-05;http://huerta-cordova.info/
26;0748BdEFeb4834F;Mackenzie;Williamson;Hart-Klein;New Maxhaven;Saint Helena;+1-605-640-1833x70183;656.931.4990;zramos@haney.org;2020-03-06;http://www.allison-clements.com/
27;fEB05baEc5ba41d;Emily;Calderon;Todd-Acosta;Lake Sallyport;Cameroon;038.443.6100;618.908.5890;shelley82@jarvis.com;2021-06-17;http://www.larsen.org/
28;b9B3B5f1ba40FD3;Roberta;Walton;"Lamb; Little and Frazier";Campbellshire;Tonga;805-974-3346x026;001-324-540-6599x3227;sharigriffin@cameron.com;2020-11-15;https://quinn.biz/
29;Fc0Bb9CEbeE57b0;Steve;Mack;Cooper Ltd;Marilyntown;Panama;(079)726-1523;061.039.5513;rpace@huynh.com;2021-03-01;http://www.macdonald-lyons.com/
30;B5e2c7Cc5b2D5C0;Pedro;Jacobson;Hodge-Potts;Port Dariushaven;Guinea;187.217.1436x5325;075.320.9732;emullins@simpson-christensen.com;2021-09-02;http://www.guerra-armstrong.com/
31;3D72031D22EB2aC;Daniel;Harper;Gray-Collier;Carolinetown;Micronesia;4779933630;+1-544-607-3630x7852;patricialeach@hernandez.biz;2020-07-06;http://www.barajas-hendrix.com/
32;84d3FaE8D176217;Danny;Mayer;"Serrano; Carr and Hurst";West Bernardbury;Niger;+1-232-090-7002x568;(764)539-0967x909;mindy15@fuentes.org;2020-07-15;http://perkins.com/
33;942FAAB8898c6Fc;Jasmine;Owens;Stafford-Shannon;New Ross;Bosnia and Herzegovina;(685)119-0956;5024074926;jake39@little.com;2022-01-02;https://mckee-hill.net/
34;F0EdAbc86aac953;Ashley;Davies;Griffin-Ware;Lake Caitlynville;Bouvet Island (Bouvetoya);754.390.8594x022;188-155-9696x06994;mhudson@hardin.com;2021-03-09;https://www.bray.com/
35;2f4976cc8F8Cf7D;Shawn;Cruz;Daniel and Sons;Cardenasport;Svalbard & Jan Mayen Islands;309-608-9907;(615)894-4814x344;nlane@kane-pennington.com;2022-05-03;https://www.tran.net/
36;fDbB79FAB142707;Francis;Hubbard;Barron Group;West Makaylaton;Seychelles;+1-895-654-6918x3859;(182)766-9394x4641;savannah10@simpson.com;2021-03-17;https://www.velazquez-wright.com/
37;E75a5870e952cd6;Richard;Bennett;Fuentes LLC;West Tamara;Cote d'Ivoire;795-520-6262x14294;+1-519-673-2725x0502;cristian16@hill-beard.com;2021-01-12;https://www.frederick.com/
38;4C8E6AA7Ced5BAF;Vanessa;Hansen;Watkins-Romero;Kerryburgh;Netherlands;+1-134-667-1175x8813;+1-928-497-1358x88633;jasmineaustin@whitehead.info;2020-01-14;https://www.graves.info/
39;ec75Fb9C6A0DcF1;Joyce;Foster;Randolph LLC;Nataliestad;Korea;655.928.6486;+1-966-669-6464;samuel97@wyatt.com;2020-10-29;https://www.schmitt.com/
40;C2378a0b119b425;Marc;Medina;Pearson PLC;New Petershire;Japan;1874666215;237-063-6496x65292;karlgarrett@fischer.biz;2020-03-02;http://www.nicholson.org/
41;53D27CbE3b3CAf7;Darren;Santana;Guerra LLC;Meyerbury;French Southern Territories;+1-145-916-2809x14415;440.474.1607;biancahenry@hernandez.org;2021-06-11;http://www.gates.net/
42;3bcBa3CBB7EF52c;Mario;Moreno;Robles and Sons;Cathyview;United States Minor Outlying Islands;001-044-197-2628x678;001-592-920-6308x2332;marisa13@hickman.com;2022-02-12;https://www.gillespie.biz/
43;DFcebf7063e11ac;Daniel;Bush;Delacruz-Rosario;West Marthaview;Bouvet Island (Bouvetoya);891.885.1826;309.937.8982x96964;billymorris@lambert-irwin.com;2020-02-13;http://www.zhang.com/
44;fdd4F120dFFaaBA;Vanessa;Davenport;Barrera Group;South Brandi;Guinea;014.539.1066x2855;001-586-506-1699x536;barry91@howe.info;2020-05-10;https://www.davenport.com/
45;FA9584DEE86bBbE;Donald;Terry;Beasley-Perez;Port Rickeyport;Isle of Man;(381)211-7562x9960;905.051.0894x82461;kdavies@owen-humphrey.info;2021-01-04;http://www.grimes-summers.com/
46;fF8bc9C72D6c38b;Jill;Esparza;Herrera and Sons;Hendricksfort;Indonesia;001-218-793-7724x2810;253.141.8420;gregghendricks@conner-weiss.info;2020-09-24;http://harris.net/
47;6ADbBf35FBb6ebc;Tyler;Richard;Cline Inc;Serranoland;San Marino;(030)748-4061;(518)939-6401;alfredbradford@perry.com;2022-04-17;https://www.delacruz.com/
48;a75eDF85cC17DfB;Sonya;Moore;"Riggs; Pena and Hubbard";New Virginiamouth;Guyana;488.725.7447x7670;001-918-561-3514x2980;ngilmore@bush.net;2021-12-25;https://www.tyler.com/
49;E95Ce6e2d241660;Jonathon;Gillespie;Harrell Ltd;West Craig;Sudan;(335)620-5477x4774;353.020.5510;vgilbert@romero.biz;2020-06-23;https://www.long-hickman.com/
50;3E4Ac207eAE0d2E;Ryan;Lin;Harrell-Frank;West Nicolas;Thailand;284-076-2518x537;6934137441;dgould@graham-winters.com;2021-10-06;https://johns-sharp.com/
51;cFB0d4B976ef0Ca;Joel;Thomas;Lawrence-Robles;Paigeland;Guernsey;001-566-338-3073;7104971640;fsuarez@cooper-montes.biz;2021-10-21;http://mcgrath.org/
52;a0eb3D0bDcfB8Bd;Judith;Fischer;"Oconnor; Glover and Park";Lake Joshua;Isle of Man;6570280667;001-929-759-1013x923;natasha83@delacruz-edwards.com;2020-01-26;https://spencer.com/
53;A8205E5c66709D5;Roy;West;Finley Group;East Kaitlynfort;Micronesia;953.571.7565;001-400-483-7933;mbonilla@hampton.com;2020-01-22;https://www.lindsey.org/
54;047653F3f21E8B3;Rebekah;Morton;"Love; Farmer and Reid";Perezburgh;Malaysia;(238)946-3127x901;248-817-0962x74779;basskaylee@lynn-gill.biz;2021-08-19;https://www.leblanc.com/
55;83d9accaD6AFBF9;Jeremy;Guerra;Gamble Group;South Jeremiahberg;Nauru;001-343-604-8248x84492;142.473.8437x8627;lfaulkner@villanueva.com;2022-05-12;https://giles-newton.com/
56;95CA5DdFfd2279E;Brett;Shelton;Beard Group;Salinasmouth;Solomon Islands;153.551.1879x3694;402.445.0497x146;maystiffany@davidson.com;2022-04-21;https://richmond.com/
57;a0003BeCa9da94D;Gilbert;Meza;Howard Ltd;Dorseyfurt;Egypt;250-821-7086x670;565.200.3181x012;katie69@romero.net;2020-11-12;https://nolan.com/
58;fcC8D0ea0ace725;Kurt;Tapia;Adkins-Dixon;Hoodchester;Tokelau;+1-102-370-7901x263;(677)168-7134;valerie35@olsen.com;2020-10-11;http://www.fernandez-fisher.com/
59;F6De59D2A51BBbE;Sarah;Powell;Pearson-Choi;Masseyhaven;Palestinian Territory;586.224.7039;171-888-6974;ivanhiggins@charles-estrada.com;2021-09-30;https://www.mcneil.com/
60;30Cb5c2C58061ef;Andrea;Irwin;"Mayer; Taylor and Boyer";New Dianeborough;Bulgaria;+1-328-232-6506x9973;248-913-6702;xcallahan@cantu.com;2021-06-26;https://www.nguyen.com/
61;b365Aae63b2916B;Aimee;Hodge;Bennett and Sons;Mikestad;Aruba;(140)932-8681x897;(368)009-8825x60430;melvindrake@friedman-bradley.com;2021-10-22;https://www.cain-allen.com/
62;43f683C3361eb65;Doris;Drake;"Rich; Edwards and Miranda";Lukemouth;Indonesia;184-508-9386x4549;+1-839-084-8619x4015;carpentergary@vance-weeks.com;2022-03-03;https://www.snow.org/
63;5C533BB11bc8BDD;Randy;Tran;Vazquez-Orr;West Jim;Libyan Arab Jamahiriya;903-264-0524;(446)543-4319;duartejohnathan@pennington.com;2020-09-02;https://www.knight.net/
64;6b3cbCf4dc29720;Allison;Webster;Hayden-Villanueva;East Deborah;Turks and Caicos Islands;341-979-6141x4780;0812968881;zbrock@blevins-payne.com;2020-03-10;http://www.rush.biz/
65;DC63a02BDa14af4;Nicholas;Mcclure;"Roy; Myers and Fox";East Nicolechester;Nepal;040-706-1022x241;909.727.3778;phelpsandres@hartman-cooper.org;2021-03-15;http://www.levine.com/
66;d8cCD02E409D5F2;Gene;Wu;"Chambers; Nielsen and David";Noblefort;Bulgaria;+1-956-239-0423x80834;001-414-382-8351;nataliefarley@richardson.com;2021-10-05;http://carrillo.com/
67;Ca492c76A52Da9F;Kelli;Bridges;"Black; Richardson and Sandoval";Lake Aaron;Mongolia;5657167326;220.834.4618x14578;daisyblair@walsh-holmes.org;2021-12-05;https://www.trevino.info/
68;fA99aEF4eE28aD8;Summer;Washington;Benjamin LLC;North Elizabeth;Grenada;3412967650;9330266446;thomasnicholas@blankenship-ford.com;2021-09-26;https://www.wagner.org/
69;B5F6D5dB5eBDfcE;Ann;Ayala;Walton-Carter;Johnchester;Ireland;965-375-4761x8648;+1-892-497-8783x07375;hburke@duke-mcmahon.com;2020-12-05;https://www.copeland.org/
70;9bb3fF7Dfc04f9c;Alfred;Hooper;Pope-Mcpherson;New Sarah;Papua New Guinea;(050)541-0069;080.240.2511;lonnielittle@hoffman-meadows.com;2020-03-15;http://moyer.com/
71;21C1a2E1e9Cf6cC;Brandon;Robbins;"Stark; Deleon and Mann";West Erikview;Netherlands;422-099-2274x577;634.035.7567x20178;qmcdaniel@cruz.net;2020-12-20;https://www.acevedo-macdonald.net/
72;eB53B2FaD51aeF7;Wesley;Cobb;Bruce LLC;Port Spencer;Congo;480-924-1413;6577055396;austinvang@glenn.com;2021-06-22;https://deleon.com/
73;5Baa5DE49cA3d9B;Caleb;Salas;Hughes Ltd;West Tanner;Korea;284-269-8039x213;2291250365;shortfrederick@cobb.net;2020-01-12;https://www.roach.com/
74;C2f62DB8E8e0fAB;George;Long;"Cochran; Sweeney and Miles";Damonborough;Cote d'Ivoire;292.292.1103x0768;(252)863-4103x848;yolanda69@rosario.com;2022-01-09;http://www.blankenship.com/
75;592e432eBdCaa33;Taylor;Kemp;"Webb; Bauer and Mcknight";Port Charlene;Tuvalu;001-768-645-9632x3754;+1-671-771-9340x9839;michaela80@russell.com;2020-07-21;http://www.terrell.com/
76;eAEc7BAD1D2B9FA;Steve;Horn;Choi and Sons;Guymouth;Kuwait;001-599-157-7138;9954083334;ashley39@garrison.com;2020-02-26;https://www.rodgers.biz/
77;a54A4C6DDB7df29;Danielle;Spears;Conner-Braun;Karlaview;Azerbaijan;+1-616-392-7862x70763;8792516311;alan50@hobbs.info;2021-09-13;https://valdez-li.org/
78;BDCCEdccFd0FB6a;Jillian;Ortiz;Bean-Fuentes;Josephtown;Israel;+1-696-155-3546;001-790-882-2468x3663;hsantos@lopez.info;2020-05-21;http://whitehead.info/
79;e8f4b4D1FcF5Fc3;Joshua;Ortega;"Herman; Preston and Spence";Lake Brittney;Uzbekistan;+1-734-076-1901x55246;001-569-506-8227;robbinsgordon@dyer-kim.info;2021-09-29;http://barr-salas.org/
80;45c6AB9eF9d8ADd;Sherry;Cantu;Everett and Sons;Younghaven;Kiribati;001-273-927-5314x56481;3058537703;meghanfernandez@patel-todd.com;2020-11-02;http://schaefer.com/
81;7D8EFBe9cB0ceb9;Eric;Pittman;Galvan-Stafford;Lake Laura;France;001-877-800-2510x09728;572-530-6860;gabrielarobbins@hawkins-bernard.com;2020-09-05;http://www.benson-keller.com/
82;fCBFFE1D1D7EbFf;Wanda;Cowan;Cherry-Yates;North Nathanielton;Brunei Darussalam;001-205-431-0213x5471;(917)935-2327x3320;qlarson@berry.biz;2021-09-24;http://www.potts-conrad.com/
83;8Dde1eb3cf408B5;John;Chen;"Michael; Mayo and Bishop";Shannonbury;Djibouti;(733)256-6473x125;1822755459;hmorgan@olson.com;2020-04-30;https://ibarra.com/
84;3ACcE1d8aBB63ae;Francisco;Stanley;"Brewer; Trevino and Key";Rickeychester;Italy;001-090-771-1995x209;198.341.1742;charlottemercer@hensley.net;2020-12-12;http://watson-frye.org/
85;C68542ae05DAC48;Dillon;Gallegos;Lindsey LLC;Port Jon;Macao;836.527.9927x34601;056-265-8970x614;escobarisabella@harrell-santiago.info;2020-10-13;https://kirk-skinner.com/
86;1bD2d3D04d9C9E8;Rebekah;Pruitt;Dunlap-Chambers;Stephenfort;Ghana;001-443-474-4235x51256;358.297.8985;jessica36@hart.com;2021-08-17;https://www.mccormick.biz/
87;21296ee3eE1Ff8a;Marcia;Vaughan;Yu-Roy;Petersbury;Equatorial Guinea;742.373.3173;001-302-878-6175x08344;ellen80@bonilla.com;2020-10-22;http://jefferson.com/
88;CD73bc8Fa7Be64E;Sierra;Bautista;Lynch Inc;Butlerberg;Heard Island and McDonald Islands;001-209-997-8162x72724;759.775.4540;chavezrandall@mckinney-stafford.net;2020-05-27;https://www.anthony.net/
89;5DC66d7c82fB027;Kevin;Chase;"Morris; Hurst and Mccarty";Bradstad;Heard Island and McDonald Islands;863-881-8404x487;+1-348-270-4520x9230;gravesgrace@molina.org;2020-06-23;http://wise-mendez.com/
90;D064cF5496671B5;Ronnie;Hurley;Rush-Baird;Julianmouth;Liechtenstein;(347)486-6963;(837)301-1992x73450;hhuerta@morris-case.info;2021-04-25;https://zimmerman.com/
91;bA72ec0ec4fDA49;Justin;Huang;"Warren; Davenport and Hanna";Jadeland;Korea;883-237-4786x25921;(374)342-8039x622;ydavid@potter.com;2022-05-16;http://sampson-marshall.biz/
92;b40Ff873cC39CaE;Phyllis;Cummings;Hickman-Wells;Lake Danberg;United Arab Emirates;395.317.5194x78424;+1-505-416-9028x00300;colealexander@turner.biz;2020-09-20;http://www.atkinson-may.com/
93;feABEd13C7DcEDD;Collin;Jackson;"Floyd; Moyer and Hodges";Damonside;Greece;(106)631-6431x8449;+1-440-944-1793x91144;carpenterkylie@chambers-frost.com;2021-02-11;http://henry.com/
94;D6bAddB76237B9F;Terry;Chapman;Huffman LLC;Maryland;Heard Island and McDonald Islands;+1-020-368-6749x8950;(631)274-6737x26447;adrian55@gardner-gaines.com;2022-04-14;https://www.gutierrez-lloyd.com/
95;0fdCdc9c49C089A;Greg;Cortez;"Barajas; Hale and Ferguson";Knightmouth;Mayotte;579.250.1047;001-620-909-8580x84663;bonillaalex@cervantes.org;2021-03-20;http://www.mayer.com/
96;538Bdaef89F7672;Elaine;Hendrix;"Goodwin; Lambert and Lowery";South Veronicafurt;Fiji;3010334267;111-173-4785x11133;maureen18@barr.org;2020-12-24;http://mccarty-meza.info/
97;F231DF54939Fa4C;Marvin;Buchanan;Lowe-Mathis;Sheriville;Cuba;058-381-7608;+1-912-237-4307x878;ocole@sanders-lowery.net;2020-04-22;http://www.price.com/
98;5EDb197afE9965F;Paul;Moore;White-George;Marcoburgh;Brazil;(451)968-9182;+1-454-876-8759x02495;spencerbright@powell.biz;2021-12-10;https://wall-reid.com/
99;4f0B0BdAEDeC2F8;Grant;Tanner;Downs Group;Holdenchester;Chad;001-155-288-8390x9946;+1-073-135-3038x2148;dawncoffey@barker.com;2022-05-15;https://newton-esparza.net/
100;0eFf84b706a8DdB;Aimee;Sims;"Lara; Leon and Montoya";East Jeanneside;Grenada;(570)770-4667x7987;001-511-768-2295x52680;anthonyzuniga@tucker.com;2021-07-27;http://moran.com/
101;ed69b06aC7c341d;Tammie;Strong;Wang LLC;Port Harold;Trinidad and Tobago;(290)848-7109;540.770.4481x964;carrillokenneth@bowman-montoya.com;2021-10-22;https://allison.info/
102;c2F5BADEbdfE4cE;Lindsay;Mullins;"Martinez; Gray and Cameron";West Karinahaven;American Samoa;613.893.2906x85995;1190458640;mercedes11@floyd-hall.com;2021-07-24;https://bates-christian.biz/
103;4D3dE82a5f98808;Cristian;Rush;"Donovan; Strong and Ward";Maxwellmouth;British Virgin Islands;+1-107-591-7965;001-584-368-1805x7470;dominguezparker@preston.net;2021-12-12;http://hill.com/
104;6cDfAaf87cd992F;Terri;Hurst;"Shannon; Patterson and Martinez";Lake Omarbury;Luxembourg;+1-012-633-1812x604;(454)485-5374x59454;vernonrush@harvey.com;2020-06-30;http://www.hurst-johnston.info/
105;29A8E562DC75ede;Bobby;Collier;"Horn; Stevenson and Yoder";New Cindy;Mauritius;001-778-840-9271x74639;+1-151-871-9736x708;samantha34@mccarthy.com;2020-04-11;https://hendrix-pittman.biz/
106;6B2f0ADf2b1bAd2;Misty;Sanchez;"Soto; Wheeler and Baker";Lake Bobberg;Vietnam;+1-871-796-6526x1655;671-320-4275;joconnor@cooley.com;2021-07-09;https://jones.com/
107;0778d8Decad8147;Christine;Manning;"Carr; Harvey and Webb";East Eduardo;Slovenia;(099)652-7937;0410407343;toddmcmahon@beard-lambert.com;2021-01-24;http://hurley.org/
108;A38f5b4c6E7e358;Rachael;Forbes;Lester Group;South Richardbury;Macedonia;(824)584-3607x21067;557-679-6530;veronicablankenship@pace.com;2020-03-02;http://osborne.com/
109;b7CC9cA6676F4Ac;Jasmine;Ryan;"Fritz; Haynes and Burgess";Victoriaburgh;Poland;499.825.4529x5083;+1-043-610-8679x8549;swarren@buck-roach.com;2020-06-24;https://frederick.com/
110;9aAA56f50da169D;Yvette;Short;Pugh-Green;Erinfurt;Namibia;190.807.9974;001-076-509-0536x0863;garymelton@petersen-lam.org;2020-01-03;http://www.lawrence.biz/
111;3bfEE48D2A38B98;Chad;Henry;"Gaines; Galvan and Goodwin";Hansonburgh;Cyprus;001-014-140-8925x13758;(560)696-8482;mathisgloria@house-hamilton.org;2020-07-05;https://silva.com/
112;36c67dEBCaFF9aF;Dustin;West;"Mitchell; Pierce and Barry";Curtisborough;Estonia;(916)855-7231x9708;001-688-505-3003;patrickfelicia@goodwin.org;2020-12-29;https://henson.net/
113;D169531CeaC2D3E;Noah;Gallagher;Franklin LLC;Bryantfurt;Syrian Arab Republic;001-072-846-4420x3958;7795040584;hortonmiguel@mays-rivers.org;2021-02-06;https://morse.org/
114;6AFE9e8b5dCEbA0;George;Wiley;"Dillon; Bonilla and Spears";Soniaborough;Venezuela;001-058-121-9076x80580;001-841-168-9150x72755;preston76@house.com;2020-08-07;https://valencia.com/
115;5Dcfa64CE65C8aD;Ralph;Merritt;Rosales-Hayden;Sarafurt;Saint Martin;(652)849-4605;424.685.1314x331;moneal@hudson.biz;2021-04-10;http://carpenter-estes.net/
116;Dc9fab1C577FdAB;Daryl;Mejia;"Atkins; Huerta and Wolf";West Cristian;Bermuda;564.315.9882x76632;651.345.8376;beckyshaw@bradley-booth.com;2021-07-23;http://cortez-cooper.com/
117;057CcC3c4f31E5d;Monica;Alvarez;"Robles; Wiggins and Perry";Blankenshiphaven;Egypt;624-434-7733x015;(543)731-3577x74292;kanthony@osborne.com;2020-08-30;https://www.butler.info/
118;e3B3740CbBcCE7F;Alejandra;Berger;Eaton LLC;Stewarthaven;Tuvalu;1023787585;484-917-5611x916;alexandraroy@juarez-kane.com;2020-05-23;http://james.org/
119;C14abbce3eCfEDf;Charles;Daniel;English Inc;West Shawna;Lithuania;5777723656;+1-840-334-4067x391;ckhan@underwood.net;2020-03-25;https://www.chase.info/
120;dFEcFC7195E7CFB;Frank;Mueller;Ford Ltd;Newmanfort;Tonga;040.183.1117x569;338.325.5168;joe34@salazar.com;2022-05-13;https://www.duffy-coffey.biz/
121;2d3EE83ce44AbB2;Curtis;Middleton;Bridges-Cortez;Briannashire;Luxembourg;(206)189-5437;+1-667-386-1208x677;vernon36@browning.info;2021-06-28;http://parrish.com/
122;bBB6Bb4194361cC;Holly;Fletcher;Ford and Sons;Newmanbury;Thailand;001-583-336-8021x57385;+1-072-547-1221x03876;pammorales@james-benjamin.net;2021-03-17;http://werner.org/
123;D7F4B32eD6BAE37;Samuel;Wong;Joyce-Arias;Lake Rayshire;Taiwan;(527)918-6827x52716;1546751933;paulcastaneda@burke.com;2021-09-29;http://www.archer.com/
124;b913E1515bFEDC3;Duane;Brock;Beltran LLC;East Rebeccashire;French Guiana;503.800.5804x8397;001-296-131-0612x3322;sarahpotts@bradford.com;2020-05-07;https://alvarado.com/
125;c319Fe2F9bBecc5;Kendra;Petersen;Wilkerson PLC;Port Darryl;Mozambique;(873)933-7409;613-829-7441x67864;wwhite@perez.com;2021-09-12;https://www.kaufman-ho.com/
126;bADeB15D0B717cb;Warren;Fuller;Higgins-Barajas;West David;Croatia;741.103.1635;761-178-0428x49721;orice@drake.com;2020-10-04;http://tapia-davis.com/
127;9297bBC1Be63Fb6;Jeremiah;Klein;"Medina; Shields and Glover";Jeannechester;Gibraltar;476.727.6415x0592;150-734-1628;damon39@terrell.com;2020-02-13;http://www.drake.com/
128;Fb9eeb887CDBaFa;Glenn;Richards;"Francis; Bowen and Davis";West Sean;Turks and Caicos Islands;(898)998-1652;(983)573-0101;watkinsevan@ward.biz;2021-12-20;https://www.rojas.net/
129;2f29BCB77f8702c;Austin;Fitzpatrick;Wilkerson PLC;Leonardmouth;Netherlands Antilles;+1-820-031-3535x89387;8496840302;meredith05@lawrence-shaw.com;2020-06-17;https://hale-montes.com/
130;ba2E28951F277dd;Kimberly;Gregory;"Ortiz; Cohen and Cross";Jennifermouth;Singapore;+1-088-229-1601x4905;727.071.3692x5483;lacey04@cross.com;2021-10-28;http://www.nguyen-curry.com/
131;1ECAA049CCaAA7B;Brady;Mckay;Decker Group;East Brady;Cape Verde;1934272027;+1-248-385-9619x891;travisfoley@brandt.com;2021-05-25;https://blake.net/
132;4C7a746f04E4a2A;Suzanne;Rhodes;"Sparks; Floyd and Barnett";Earlberg;Kazakhstan;6513845571;763.204.0066;hmccarty@sharp.biz;2022-01-15;https://atkins.com/
133;FcF1EEFABe6e012;Carolyn;Byrd;Simon-Walton;Ethanberg;Burundi;+1-950-053-4045x2170;+1-760-012-4288;alisonsanders@durham.com;2020-04-26;https://www.mack.biz/
134;b3a280Ee8BD9b0D;Allison;Miller;Villarreal-Atkins;Gaineston;Germany;411-325-2753;825-647-3915x63605;bjordan@small-black.com;2022-01-15;http://www.cordova.com/
135;3dFcB1a64c96bfA;Shaun;Marsh;"Lester; Murphy and Garner";East Maureen;Svalbard & Jan Mayen Islands;+1-859-923-2981x21277;001-991-038-5566x12302;damonhowe@larsen.org;2021-07-15;https://newman.com/
136;7Fabd80A588Cfa7;Bryan;Paul;Church PLC;Lake Kyleburgh;Fiji;+1-541-619-0587;001-853-591-8710x2593;tasha85@wilson.biz;2021-11-27;http://gray.com/
137;7E2dfC231d4EE0F;Jay;Oconnell;Browning-French;Lake Toni;Grenada;+1-595-450-1063x44745;337.120.4527x36825;oneilldamon@spencer.com;2021-09-26;http://barr-faulkner.info/
138;da3ADA2cbcEA54F;Lorraine;Bradshaw;"Contreras; Pollard and Moore";Blevinsmouth;Cape Verde;001-382-620-0918x061;608-409-4320;weaverclinton@zamora.org;2021-12-25;https://www.walton.biz/
139;Af91FB7ceC5E309;Joe;Chase;Hartman-Fox;Velasquezhaven;Dominica;(831)410-3360;(668)262-3377;xtapia@hensley.info;2022-04-25;https://patel.com/
140;D9FBd8BCD8ab701;Cameron;Crawford;Blake PLC;Natalietown;United Kingdom;428.239.5087x9577;001-003-000-5083x6184;fenglish@warner.net;2021-11-18;https://www.wells-simon.info/
141;13E06c3bcE30FCf;Daniel;Vance;"Richardson; Nolan and Chung";Deanstad;Zimbabwe;001-039-029-7693x4597;1521975198;brendanbarrera@gill-thornton.info;2022-04-17;https://frey.com/
142;9CA366fCacA18Be;Ryan;Sanford;Olson Ltd;New Shariton;Japan;(647)928-7424x1503;001-944-292-0891x5355;peggy95@park.info;2021-05-18;https://www.donaldson-norman.com/
143;68a6cBB89f251da;Stefanie;Singleton;Garcia PLC;Philipmouth;Liberia;+1-467-898-2863x84979;(855)578-9000;kerriray@owen-stone.info;2021-10-29;http://www.singleton.com/
144;91DBa3Eca1aBa1B;Kimberly;Sutton;"Donaldson; Dickerson and Kaiser";Holdenshire;Timor-Leste;+1-033-126-0639x992;+1-890-968-2115x5963;nichole45@michael.org;2021-09-19;https://www.thompson.org/
145;03ca10Fd000ecee;Susan;Eaton;"Cummings; Lloyd and Price";Valdezfort;Benin;001-275-034-2623x632;063-805-8277x21263;daltonrangel@prince.biz;2021-04-27;http://www.elliott-tyler.org/
146;3D03b126b10f401;Paula;Huff;"Vaughn; Castillo and Anderson";Roseburgh;Peru;589-460-7915x9435;150.147.8773x7965;vmyers@novak-delacruz.biz;2021-08-01;https://garner.net/
147;BffD8b78EB17aB6;Diamond;Pollard;Hull Group;North Isabellaberg;Uzbekistan;3816437019;614.140.7737x97774;weavermeagan@sampson.com;2020-03-02;https://fox.biz/
148;Cdcd04c2398FFfe;Rose;Hunter;"Acosta; Mendez and Rivas";Boydburgh;Costa Rica;264-488-7271;+1-039-325-0627x1822;hebertdarin@kidd.com;2020-03-22;http://www.small.com/
149;93Dc2FA13F8bab3;Casey;Miles;Church-Boyle;Jocelynbury;Italy;(219)384-5940;8480138604;elizabethcopeland@morris-moss.info;2021-09-17;http://bautista.com/
150;0DB73c78CF89038;Jennifer;May;"Orozco; Suarez and Burnett";West Victoriaburgh;Benin;001-748-415-3943x99903;739.166.8202;cannonshirley@carson-dorsey.com;2021-09-08;https://www.brock.com/
151;9A7a5d8254Fbd32;Kim;Garza;Estrada-Gates;Port Sabrina;Bangladesh;+1-039-464-6405;001-361-385-3372x87599;dana05@hester.net;2021-01-23;http://www.larson.com/
152;B7C08CBAe87F63b;Monica;Brown;"Bowman; Wu and Thornton";North Christie;Burundi;+1-891-697-1901;001-361-239-6558x6308;willie99@snyder.com;2021-09-08;http://sloan.info/
153;aa1CD1AD0CB4dEf;Tyler;Oconnell;"Kemp; Mcpherson and Miranda";West Mariamouth;Indonesia;080.144.4110x65237;164-410-7696;lunakirsten@zimmerman-salinas.org;2020-06-15;https://howard-crawford.com/
154;378FafC9cD3e362;Eduardo;Garrett;Greene-Cowan;Jesseberg;Vietnam;984.830.5934x0304;+1-600-067-1766x7897;marthaguerra@anderson.com;2020-04-30;http://www.campos.org/
155;a24FdC2f2E8eddc;Christian;Bender;Pratt PLC;South Dariusville;Croatia;(841)543-8952x50899;755-340-8785x97533;joanne07@pennington.com;2020-10-12;http://www.huffman.com/
156;Ae8Ecddf920AFeD;Mackenzie;Harrison;"Garner; Pittman and Saunders";South Stacieton;Australia;370-023-0514x863;8565658735;jerry26@hudson-acevedo.net;2020-10-31;http://curry.com/
157;ecC0FbdA05FaecF;Kevin;Fowler;Cantu Inc;Coffeyborough;Lesotho;2405097513;001-569-099-4222x141;katie93@norris.biz;2020-08-27;https://www.whitehead.org/
158;8b4bdbEe01deA5C;Veronica;Golden;"Wright; Contreras and Wagner";North Theresastad;Falkland Islands (Malvinas);(367)700-9543x932;+1-422-724-7575x684;gacosta@stephenson-tyler.biz;2020-03-31;http://www.best.com/
159;E8Fa30E1FF1a8cf;Tanner;Lawson;Ayers and Sons;South Roger;Guinea;081-038-9739x66976;482-837-8245;madisoncarey@spence-beck.info;2020-10-31;https://hinton.com/
160;0Ba16339Ec9a97a;Bridget;Vaughan;"Ponce; Wade and Cowan";Lake Cristian;Svalbard & Jan Mayen Islands;(097)547-0859;0841167321;kari95@henry.org;2021-01-31;https://weber.net/
161;7d4B3aa23bEC09D;Jody;Hoover;West-Casey;Cisnerosmouth;Bulgaria;001-048-021-7568x8109;+1-784-645-1956x60226;tiffany09@perkins.com;2021-05-27;http://wilcox.com/
162;74e6407A6b7BCbE;Andrew;Boyle;"Conley; Mills and Gross";Juliebury;Bolivia;322.995.5472;398.768.6179x653;davefarmer@neal-farrell.org;2022-01-13;http://www.walter.info/
163;3BF8bFfAe2Ae5Bb;Ebony;Noble;Mccann-Barker;Makaylaberg;Christmas Island;(425)631-1876;+1-553-699-1216x151;lydiameyers@frederick.com;2020-06-24;http://www.escobar.com/
164;a2f7bd4fb9752d2;Jeffrey;Molina;Copeland LLC;Port Noahmouth;France;+1-446-671-0095x139;(361)454-8756x93520;timothyrivera@wade-galloway.net;2020-09-18;https://www.bridges.biz/
165;AfDD78e4Ae95B9a;Philip;Christian;Mckinney-Dean;Normantown;Mali;+1-535-462-2886x930;001-292-317-8647;harmonmadison@finley-clarke.net;2020-10-19;https://nash.info/
166;B7C8Ac33DcDA629;Patty;Estes;Potter-Doyle;Lake Johnathanborough;Mozambique;555.786.9024x8126;(526)826-8221x0813;vincent58@norton.com;2021-02-08;https://www.mendez-duran.com/
167;5BC73Fd0B11c6BA;Walter;Myers;"Carey; Randolph and Hebert";North Erik;Honduras;+1-861-428-9132x1972;722.377.1915x1442;brandibarker@peterson.net;2021-07-05;http://cantu.com/
168;a3cD4Fa03dA7628;Connie;Barker;"Colon; Gill and Anthony";Port Audreyside;Rwanda;194-414-4608x29301;105.674.1585;lindsayrocha@preston.org;2021-07-03;http://www.orozco.biz/
169;84c29c3B87e3D0d;Gabriella;Huerta;Swanson-Lloyd;New Mitchell;Monaco;734.084.6764;2053040352;daniel75@hansen.com;2020-09-17;http://mitchell.com/
170;dDd1b8c19e975Cb;Shawn;Knight;Duncan Inc;Evansfort;Wallis and Futuna;+1-518-361-0088;426-254-3498x526;eschultz@salas.com;2020-08-05;https://vincent.com/
171;65EfcbFAaBc9755;Steve;Booth;"Cooke; Zuniga and Maldonado";North Glendaborough;Saint Helena;(390)652-3650x10148;995.423.9151x965;perry87@nichols.biz;2021-10-12;https://molina.com/
172;BB60B5cC15cF7d2;Bridget;Guerra;Dyer and Sons;Lake Debraside;Estonia;7457637395;827-598-8367;frederickmisty@carpenter-nielsen.net;2021-01-25;http://palmer-chan.org/
173;F1735bEA230Bbce;Ashlee;Murillo;"Cabrera; Wilkins and Fletcher";Levinehaven;Cuba;+1-669-709-8218;361.632.4439x1350;jodonnell@oliver.com;2021-05-18;http://www.medina.info/
174;19dbB6E8C57E16c;Sonya;Lawrence;Strickland-Pugh;Port Codyview;Guernsey;394.563.7272x59735;001-164-901-5702x4211;ehampton@lopez-brandt.org;2021-03-16;https://www.butler.com/
175;FccE8Bf3cecdBEb;Monique;Ewing;"Lester; Ayala and Harmon";East Maxborough;Antigua and Barbuda;972.635.8026;332.322.2094x970;evansstuart@griffin.org;2021-12-16;http://mata.com/
176;1EABC7bcC8105a0;Dominique;Pacheco;"Reid; Simmons and Burgess";Sierraton;United Arab Emirates;511-933-2365x60056;(445)618-5895x1819;kristina23@carr-arias.com;2020-05-05;https://galvan-lucero.org/
177;061AB1b3530F3Fd;Brandon;Browning;Hayes Group;Meyerview;Libyan Arab Jamahiriya;001-366-571-1158x8709;001-830-240-2243;gabriellanorton@robertson.org;2021-04-17;http://www.pena.com/
178;4D0407Be283add2;Claudia;Woods;Diaz-Rangel;New Angelica;Jamaica;+1-402-413-0629x783;440.385.1482;lonnieguerra@cooke.com;2020-10-17;https://wallace.com/
179;abDcdBea7514C4C;Tanner;Lopez;Griffith-Brandt;Coreyville;Guatemala;001-953-876-9288;420.220.5122x17134;cowandeanna@house.com;2020-11-24;http://frye.com/
180;FAdED1A29b30019;Martha;Small;Cordova-Acevedo;Michelehaven;El Salvador;230.073.8571;581-665-8434;reginahancock@walker.org;2021-01-17;http://haney.biz/
181;c75AddCd282FEbe;Leah;Kirk;"Tate; Ho and Galloway";Lake Edgarburgh;Guernsey;+1-866-369-8733x748;(842)113-0063;jasmin18@juarez-richmond.com;2021-04-25;http://lam-villanueva.com/
182;496Da7aEA5556ec;Courtney;Arellano;Mcconnell-Bell;East Daveview;Tuvalu;491-320-8110x76440;564.485.3698x25415;sandy44@thomas.com;2020-11-13;https://bradford.com/
183;151A6a7Deb33bcA;Stacy;Hayden;Rush and Sons;Port Shawna;Spain;001-383-579-5745;+1-222-830-3139x0809;gravesalisha@harrell.info;2021-11-24;https://www.li.biz/
184;1ca7788b48FeE2e;Glen;Bullock;Mcbride and Sons;Joyceport;Swaziland;037-168-6087x3358;160.965.1293;bcole@stevens.com;2020-03-23;http://www.bernard-archer.info/
185;abe39219A467866;Jade;Leonard;Winters Ltd;Randolphside;Oman;001-997-950-8868x14600;001-576-941-0376x050;jessica41@klein.biz;2020-10-19;http://www.meadows.org/
186;eCEF3f5aA31AbE0;Gabriela;Mcfarland;Rodriguez-Riddle;East Daleborough;San Marino;828-699-3535;(891)586-0328;guymorrow@romero-owen.com;2020-06-14;https://www.horne.com/
187;9cc7928FBfcDD0D;Gavin;Steele;Espinoza Group;Port Brady;Puerto Rico;(505)940-1370;(387)540-4830x90427;manuel95@holden-franklin.com;2020-09-27;http://www.maldonado.com/
188;FB26f4DaD5d8cE5;Gloria;Boone;"Wall; Howell and Flowers";Fuentesborough;Palau;(772)960-9950;(808)929-0197;yreyes@rowe.com;2020-01-29;https://li.com/
189;a1c6309e0B6C2cc;Danielle;Moyer;Combs-Arnold;Woodwardmouth;Costa Rica;(618)557-6723x5814;+1-095-708-7676x2510;russorussell@galloway.biz;2020-12-30;https://franklin.com/
190;95Ad3E0Ebb710A1;Autumn;Reese;Roberson-Booth;Danfort;Sierra Leone;+1-325-723-9278;001-907-691-9391x32947;craigwhitney@carrillo.info;2020-04-10;https://randolph.com/
191;e2CBa0F3D2f28F8;Melissa;Bullock;Charles-Mcknight;West Gregory;Central African Republic;001-132-816-6782x927;851-296-9631x9588;cwolf@arellano.com;2021-09-30;http://www.wise-horton.com/
192;168d8b04f4Fc7bb;Rickey;Paul;"Calderon; Williamson and Stuart";Lesterton;Costa Rica;689-339-1437x2302;624-856-7552;bweaver@levy.info;2020-04-10;https://www.mccarty.biz/
193;Cb84dcFdDd42a06;Barbara;Cardenas;"Rios; Bautista and Reed";Shanehaven;Tuvalu;+1-077-894-3370x799;227.320.8552;wflynn@andersen.com;2021-03-10;https://www.anderson.com/
194;bd95732d1D00b0c;Angel;Velez;Boone-Humphrey;New Priscilla;Botswana;(345)836-1290;(462)027-4722;pcannon@choi.com;2021-04-17;http://www.pacheco.com/
195;01C49B8CE7D9Af0;Kaitlyn;Collins;Golden Group;Howellborough;Guatemala;064.347.7410;001-544-643-3875x1257;luis12@buck.com;2020-11-06;http://flynn-cameron.info/
196;6ba0BC5c67eCDD0;Amanda;Harper;"Trevino; Lam and Brewer";Lake Kylie;Chad;331-372-4188;287.106.6090x069;fieldskelly@blackburn.biz;2020-03-22;http://macias-duffy.com/
197;4B3aDB58ea4Ed5b;Rita;Serrano;Zhang PLC;Juanland;Montserrat;579.373.9493x60914;001-864-597-9599;vwhite@peterson-gould.com;2022-03-17;https://www.lambert-smith.biz/
198;F9C7d45Ef5Eed58;Stephen;Robbins;"Holt; Ewing and Deleon";Claudiahaven;Haiti;969.360.0190x7658;(360)355-3360x3498;cuevasgeorge@navarro-mcmahon.com;2022-03-24;https://mccarthy.com/
199;8A96EECfBD1E182;Robyn;Abbott;"Dodson; Weaver and Barajas";Jodiberg;Somalia;001-158-488-8157;(812)515-3121x0742;breanna32@mayer.net;2020-12-31;https://www.jordan-phelps.org/
200;19BAF1C2EcBaEBC;Javier;Cantrell;Webster Group;Brianland;Estonia;001-074-175-8831x12463;001-248-307-0177x047;kwarner@barrera.org;2021-09-04;http://powers-bird.com/
201;45EcF8Ad35B790E;Seth;Washington;Hudson-Keith;Dillonborough;Zimbabwe;001-719-939-2393x933;(978)299-9241x6275;sharpgreg@rubio-garrison.org;2021-03-01;https://www.stone.com/
202;B4DabCf7B4A1adc;Marvin;Suarez;"Sloan; Meyer and Baldwin";Castanedaview;Myanmar;407-778-8794;(510)284-6530;usloan@harrington.com;2022-01-16;https://www.duncan.org/
203;ce5aB7c9c4B60Ab;Norman;Washington;"Ibarra; Hobbs and Mccarthy";Port Marisa;Iraq;001-069-1845;(477)096-7380x952;ariana05@kelly-arellano.com;2021-01-10;http://www.conrad.com/
204;Dd6Ddd2214c3E9B;Leroy;Hamilton;Shields-Whitehead;Wandastad;Ghana;+1-901-250-3282x38700;926.331.8840;edward56@parks.biz;2020-10-02;http://jones.com/
205;7E9f1816369DF0C;Heidi;Fletcher;Landry-Walter;East Jim;Chile;(306)827-7594x698;001-326-560-3123x8575;gcollier@golden.com;2021-08-22;https://rhodes-hutchinson.org/
206;2b94E0a823C2FeF;Jose;Morse;Ford-Dixon;West Brendan;Chad;849-351-2710x10812;001-684-502-1388;woodsdevin@maldonado.org;2020-05-17;https://www.wheeler-wong.com/
207;ea098eef5e1a1dE;Sue;Pruitt;Griffith Inc;New Waynemouth;Malawi;892-983-7879;+1-768-457-3229x81907;mcbridekylie@mcdowell-christensen.com;2020-10-21;http://johnson.net/
208;84a9a3cbCf05ff2;Alejandro;Peterson;Anthony Ltd;Lake Timothy;United Arab Emirates;+1-884-829-2335x63997;974.451.1538x12338;rothkerry@atkins-porter.com;2021-08-04;http://www.miranda.info/
209;5daBFEe0FDD4aC1;Joel;Pearson;Castaneda Inc;New Chadport;Luxembourg;470-922-3685x36290;274.232.9857x729;jerrygates@garner.net;2022-01-13;https://burnett.com/
210;B7e00DD57bcf686;Gina;Meadows;"Pugh; Hickman and Ali";North Andreamouth;Trinidad and Tobago;316-272-0080x22774;227.580.3318x813;jack76@compton.com;2021-09-09;https://www.hunter.com/
211;8bFe89d11F4Dedb;Claudia;Dickson;Booth Group;Neilmouth;Central African Republic;(661)303-9573x42402;(937)236-0146x969;kaitlinbooth@hurley.com;2020-08-17;https://www.rhodes.biz/
212;FbddCdfA03BfC9e;Mandy;Shannon;Myers Ltd;Port Anthonyland;New Zealand;3026474695;640.687.3301x5213;hillterrance@gamble.info;2021-02-01;http://mccann.com/
213;4CDD436E36C97De;Darlene;Vasquez;Elliott Ltd;Patrickfurt;Malaysia;1462753989;+1-671-928-3389x83763;mosleyross@lawrence.com;2021-01-28;http://www.weiss.com/
214;f10fAFa2EA7Ad5c;Tyrone;Oconnell;Chavez and Sons;Davestad;Malaysia;001-591-723-3809x36173;001-323-574-2316x07928;malik63@frazier-nichols.biz;2022-03-03;http://www.gray.org/
215;AAc719dC2D147B2;Christine;Walker;"Hartman; Martinez and Lambert";Katieshire;France;+1-908-911-5594;001-290-363-6730x094;luceromaxwell@wong.biz;2021-01-15;http://hodge-ramirez.com/
216;51bDcE74ec99AE9;Kristopher;Shah;Roberson Group;Fergusonville;United Kingdom;161.580.5022x6958;001-047-551-4541;luis82@sparks.com;2020-07-05;http://www.butler.biz/
217;Fb6Da7d46CE88e3;Eric;Mitchell;Shannon-Valencia;East Jo;American Samoa;(880)412-2558x97593;692-203-8338;lauren64@faulkner-hood.info;2020-12-05;http://mckee.com/
218;66c5A7950926d8D;Christian;Schmidt;Acosta and Sons;South Erika;Denmark;1964998902;022.403.1477;elutz@medina-garcia.com;2021-05-11;https://www.payne.com/
219;aace2C6eB3d41D2;David;Simpson;"Peterson; Maldonado and Daugherty";Elliotthaven;Taiwan;742.257.1474x049;(177)558-2199;knappalisha@franco.org;2020-03-01;http://www.robbins.biz/
220;D4BfFDF256D03e7;Cassandra;Keith;Landry-Kaiser;Jacquelineville;Armenia;+1-371-829-3846x49770;(378)349-6076;yolanda40@rhodes.com;2020-05-03;http://www.murray-woodard.net/
221;9D6ad1B2902b386;Leah;Hoffman;Cruz-Velazquez;Bartonport;Fiji;481.854.8832x690;001-814-098-5300x4378;xortiz@gates.com;2021-12-17;https://beltran.com/
222;bDD9F79E7D7E2d2;Carmen;Tyler;Hayes-Kelly;Daughertyfort;Liberia;(874)716-4853x19710;+1-493-529-1066x8598;obates@bennett-nicholson.net;2020-10-26;https://freeman-maddox.com/
223;4E2A194a47c3C94;Holly;Ford;Walker Group;Mcgeemouth;India;674-359-8368x3113;001-386-467-9110x19533;sabrinaerickson@wise.info;2020-09-10;http://odom.info/
224;6DdADca2C7744fD;Max;Gates;Solis-Olson;West Rubenburgh;Micronesia;001-401-710-2797x2407;4420602669;xrollins@mcfarland.com;2020-02-11;https://www.hood-decker.com/
225;979cAb2Bb00CD2c;Breanna;Gaines;Holland-Burgess;Whitneyburgh;Maldives;361.882.3352x1956;210.320.8584x3668;yolanda53@thomas.info;2022-01-26;https://www.marshall.com/
226;1aa3CDB10F71B9f;Kendra;Wilson;Rivers-Woods;North Nina;Bolivia;+1-888-655-3187x97227;122.368.5637x8695;lucas94@barrera.com;2021-02-16;https://booth-guzman.info/
227;00C746Ffb63E429;Madeline;Jordan;"Woods; Cunningham and Nguyen";Maxport;Cayman Islands;(376)311-6935x848;001-128-830-3050x54189;wisediane@dean.com;2021-03-15;http://bowers-ashley.com/
228;86EF9efb3bdCc38;Ernest;Stafford;Dickson Inc;Wyattmouth;Reunion;618.265.0958;001-363-876-5001x02830;tonyaruiz@farmer.com;2020-03-27;http://www.hatfield.com/
229;DeF4B9e08eAE8a7;Olivia;Saunders;"Sanchez; Coleman and Leon";Lisaville;Korea;298.311.2706x59582;+1-498-562-7577x9389;triciarichards@shelton.net;2021-03-30;http://www.hurley.com/
230;FDE3CA49D4E0E47;Tricia;Barrera;"Parrish; Frey and Wiley";North Randallstad;Paraguay;+1-305-357-7846x89244;001-745-690-6733x89839;philip88@carr.biz;2021-12-29;http://www.boyle-archer.net/
231;E2f3CBBB5D6Fb94;Carly;Bullock;"Schroeder; Krueger and Day";New Evelynside;Austria;747-121-9878x3705;3993787031;josephchaney@roach-rocha.info;2021-07-13;https://www.huff.com/
232;cca0B52fAeE8e01;Mackenzie;Stuart;Collins-Roman;Xavierborough;Mauritius;+1-837-532-8673x455;+1-993-418-0789x8732;shanecuevas@terry.com;2020-10-01;http://rubio.com/
233;9b2afcc8F309b28;Ashlee;Lamb;Simon-Short;Erinmouth;Lithuania;(279)680-4241;+1-571-875-5898;aserrano@webb.org;2021-03-02;http://gordon.org/
234;bA3c7355abEB0Aa;Danielle;Huang;"Bailey; Dorsey and Tanner";Port Robert;Norway;4899460466;(309)944-0313;ericksoncheyenne@taylor.com;2020-10-09;https://harris-houston.biz/
235;d6ed0F3495B7393;Paul;Hendricks;Day-Donovan;Nicholsonfurt;Croatia;+1-702-303-6494x134;001-486-174-2235;dorothy66@howe-kim.com;2022-05-10;https://suarez.com/
236;d535Ccee51f5Cc6;Leslie;Ramos;"Stephens; Green and Dudley";Vaughnside;Montenegro;+1-004-914-0818;463-667-7297x27905;oscar33@holden-morrow.com;2022-03-23;https://maynard-madden.net/
237;d3D2D30f3D1afa3;Louis;Carpenter;"Camacho; Wilkinson and Holden";Gregoryhaven;Wallis and Futuna;+1-548-779-6484;+1-651-481-8871;jacobskurt@dalton-small.com;2020-12-18;http://www.mathews.com/
238;Cc9EdFF319d25E9;Tanner;Whitehead;"English; Mercado and Jefferson";Vernonfurt;Belize;449-361-4656;011.718.2522;iosborn@brady.com;2020-11-08;http://levine-francis.com/
239;98Af09C3BfCe2c3;Sheri;Arnold;Warren Ltd;Dorothymouth;Haiti;001-959-964-0415x510;881-870-7916x29626;walterfrye@good-boyer.com;2020-04-12;http://christian.com/
240;2Fb596f76cac2Cb;Hunter;Lawrence;Wolfe LLC;West Alejandrachester;Zimbabwe;3886133852;186.628.7791x3269;samuelwelch@reid.net;2020-08-17;https://bush.com/
241;F22D1aab7F39F52;Dennis;Moran;"Velazquez; Heath and Adkins";South Gloria;Tuvalu;(549)544-4032x930;001-944-719-2188x6198;wcole@bell.info;2021-10-18;https://www.roth-haney.com/
242;0D8ddA3FEC39Dad;Karl;Stephens;Christensen-Gibbs;Horneton;American Samoa;516.383.5282;521-217-9034x306;miguelmathis@crawford.info;2022-05-03;https://burnett.com/
243;4d2D54679321f8c;Brenda;Hale;Mcguire PLC;Mitchelltown;Marshall Islands;828.109.2056;799.626.7815;romeroangie@cunningham.org;2021-01-26;https://www.jennings-mann.com/
244;7c2b4aA5fDfA1E7;Nicolas;Lee;Morrow-Butler;Roberthaven;Anguilla;001-096-028-0764;+1-323-969-9510x837;vbooker@donovan-stokes.info;2021-12-09;https://greene-goodman.info/
245;AEC966c6EbEEd02;Sonya;Savage;Lynch and Sons;New Paulmouth;Paraguay;001-524-066-4043x946;427-771-8849x39563;cheyenne64@solomon.net;2021-04-29;http://terrell.biz/
246;478460c2Ffa6b78;Alfred;Duffy;"Hull; Brennan and Ramos";North Brookebury;Mozambique;442.724.7841x142;+1-798-980-9101x82752;rmcfarland@shelton.com;2021-11-17;https://www.pearson-wallace.biz/
247;2fEAcdbcC15cc74;Renee;Serrano;"Phillips; Hutchinson and Walter";West Erika;Ethiopia;501.240.0629x1686;684.959.9553x518;tammyspence@day.org;2020-03-28;https://www.haley.info/
248;C8eAE8D58C71CAE;Jay;Rosales;"Morales; Carpenter and Yoder";Hodgeburgh;American Samoa;6427544692;(806)799-8306;joanna47@davidson.org;2020-05-07;https://www.cochran-cook.com/
249;ac6BD3DF09dEA9b;Darlene;Arellano;"Duran; Eaton and Holt";Daltonstad;Gambia;(512)723-4401x3186;494-049-0230x22213;jeffrey24@douglas-landry.com;2021-05-01;http://www.hardin-duran.org/
250;AdAbCAb58a147aC;Clifford;Shea;"Carey; Owens and Anthony";East Michelleland;Swaziland;301.544.7937;(422)434-1784;burnettrebecca@brewer.info;2021-02-01;http://www.tyler-sosa.biz/
251;70C6A2D2a742DDD;Rose;Case;"Mcintyre; Yang and Dyer";Gileshaven;Marshall Islands;+1-805-686-4122x815;+1-703-536-7421x7079;cassandrastrong@ramos.com;2020-12-08;https://cabrera.biz/
252;B4140eB48EAe3FA;Kaitlyn;Horn;"Young; Reynolds and West";Robertaville;Turkey;(540)222-1862x971;(632)561-3581x76878;cortega@johnston.com;2021-03-20;http://www.cain.net/
253;62Dc5d901e6C9EE;Priscilla;Cortez;"Dodson; Wagner and Roth";Dylanshire;Jordan;+1-704-228-1033x97217;400-638-3888x8832;jenny52@berry.com;2020-09-23;http://www.barber-jensen.com/
254;3a499E9cA2dA1CC;Isaiah;Howe;Cannon Inc;Weissshire;Brunei Darussalam;676.018.6293x4000;+1-368-694-6735x490;rachael63@cooley.com;2022-02-27;https://www.roberts.com/
255;dFAc465E9Ccc3a6;Kara;Pugh;Proctor-Garrett;Kennedyville;Ireland;415.119.1011;063.445.8828x5305;lucas29@mccoy.net;2021-02-22;https://brock.info/
256;Dbf8dbcEAc5d107;Leslie;Little;Curtis-Jarvis;East Brendanfort;Congo;4246157054;001-272-262-9810x30183;thomasstefanie@garner-cooper.com;2020-07-03;https://conley.com/
257;f7D3bA2f3a3C21A;Maurice;Owen;Kent LLC;Torresbury;Holy See (Vatican City State);(051)314-0826x1011;152.669.6353x1137;porterlogan@duffy.biz;2020-09-25;https://www.ho-tran.com/
258;fF4C242e5732BdF;Penny;Baxter;"Diaz; Hinton and Blackburn";Lake Kimhaven;Barbados;008.543.8018x6668;001-307-875-9219x518;brett70@reilly.com;2020-11-06;https://www.fitzpatrick.biz/
259;5aeD3Aa4cf1ee8D;Morgan;Silva;Novak-Mullins;Port Virginia;Georgia;(784)764-9236x170;685-411-6335x902;lpatton@robinson.com;2020-11-25;http://singleton-baxter.net/
260;dd509eaBA3F8089;Patrick;Barnett;"Riley; Phelps and Castro";Gabrielleland;Saudi Arabia;486-945-7392x76409;907-200-5367x69663;cassie94@booth.biz;2021-08-12;https://melton.com/
261;4B9B8D49fAf7cae;Kristi;Chen;Obrien LLC;East Alyssaville;Japan;+1-549-824-0031x02701;723-705-9698;woodscollin@vargas.com;2020-06-20;http://www.mueller.net/
262;0aBBEBe4dC9a7DD;Geoffrey;Hurley;"Gutierrez; Logan and Porter";Burkeport;Oman;169-622-6465x39875;942-128-5882x743;montgomeryjasmin@oneal-hutchinson.com;2021-04-25;http://www.martin.com/
263;A9ef18Ec3Eb8c80;Gary;Le;Pittman-Owens;South Jonathonborough;Bulgaria;199-758-5242;847-095-4239;emilygarrett@navarro-howe.info;2021-01-05;http://montoya.com/
264;98fFA372Bd132EE;Tina;West;"Mckenzie; Bowman and Cooper";Port Melanieside;Myanmar;001-472-988-6530x0068;8454267774;gutierrezrandall@rasmussen.com;2021-06-28;https://cochran.biz/
265;A74e90b1839b58B;Karen;Campbell;Aguilar-Bautista;New Oscar;Liberia;787-930-1013x256;205-372-8502;rachaelking@silva-choi.com;2021-07-24;https://www.turner.net/
266;5e883ac5731A48f;Terrence;Frye;Ali LLC;Julianfort;Malta;067.961.9175x3047;3368534602;bradley72@fowler-durham.org;2021-03-10;http://www.ryan-curtis.com/
267;1bD34DFB3Ebb9db;Cristina;Sanchez;Carney-Chavez;North Alexanderburgh;Cape Verde;001-627-353-0917;538-624-2296x017;matthew67@irwin-mcknight.info;2021-08-01;http://benjamin-houston.com/
268;B6bF2E1D05CADE7;Rebekah;Weiss;Gallagher PLC;Lyonsshire;Oman;925.881.7050;(040)995-5358x7014;stoutwilliam@forbes.com;2020-03-12;http://lutz.org/
269;2dc0146c8da25fd;Kayla;Ferguson;"Shaffer; Chang and Mcmahon";Port Graceport;Slovakia (Slovak Republic);743.898.2631;974-320-4973;shopkins@murphy-fleming.com;2020-10-13;https://www.kennedy-li.com/
270;d3cCC3C94bfA15d;Martha;Molina;Cooper-Richards;East Jonathanborough;Fiji;916-950-6485x5931;723-255-8755;pratthector@ferrell.info;2021-08-07;http://www.knight-weiss.com/
271;c6027C9baa2664A;Janet;Zimmerman;Hart-Stevens;Dixonshire;Luxembourg;036.003.0046x50047;(351)718-3479x055;dan28@walter-richard.info;2020-07-10;http://www.good.info/
272;38baedECE07dA6A;Jesus;Haynes;Swanson-Glenn;Warrenhaven;Namibia;(592)022-9626;808.651.7562;zramsey@gallagher-briggs.biz;2021-11-13;https://watkins.com/
273;c7a44B5D4c44A33;Audrey;Levine;Franco-Berg;West Gregory;Mozambique;001-939-299-4393;122.214.6853x762;kristinemunoz@neal-kline.com;2022-05-29;http://oliver.net/
274;df0dC07031AfBBe;Kristina;Larson;Vargas-Garrett;Beltranland;Ireland;(843)172-1473;237.668.4393;sloanmeagan@key.com;2021-01-09;https://fowler.com/
275;aa7d5a114a7cfde;Joanna;Carr;Blanchard Group;Farleyburgh;Monaco;457-448-6880;001-329-722-5570;chelsea29@brooks.org;2021-03-28;http://powell-kline.biz/
276;e6cAD6A9B817fFA;Bianca;Daniel;"Fitzgerald; Gamble and Gill";Pacestad;Botswana;137.435.0489;001-579-069-6112;lawrencehansen@duke.com;2021-03-03;http://www.mueller.biz/
277;8DFF51276FBbfE6;Angel;Garcia;Sutton-Johnson;Claireton;Brunei Darussalam;818-047-4846;674-596-0383x764;malonejanet@harvey.com;2021-07-27;http://www.zimmerman-michael.org/
278;bCCD73E1AE34DDD;Miguel;Morales;Mack-Barnett;Benitezville;Gibraltar;001-050-193-7638x166;490-549-4144;joan09@hart.com;2020-11-23;https://www.best.info/
279;16e8f82E1BdD8bd;Tiffany;Bruce;Joseph-Lyons;East Alishaport;China;451-922-4817x107;+1-720-469-0819x964;latashaburch@woodward.com;2021-10-24;https://levy.org/
280;B14E7ED4dC4CBBf;Deborah;Atkins;Wagner-Ayala;North Mindyview;Cook Islands;(698)435-4856;106.482.9107x4369;brettmorrison@bernard-knapp.com;2020-06-21;https://www.weiss-foley.net/
281;Aaf2D8fF5edeD6F;Evelyn;Huynh;Parrish-Simmons;South Sheila;Saint Helena;001-650-421-0322x71656;224.261.4291;jmullins@craig.com;2022-03-23;http://www.ellison-hobbs.com/
282;dEbC9Df2BD9675b;Desiree;Hopkins;Cruz Inc;Port Phyllisfort;New Caledonia;+1-305-534-9091x92888;001-379-050-0774x53329;pittmansamuel@proctor-gamble.biz;2020-05-27;http://www.edwards-strickland.com/
283;DAe07FEAfCeab89;Brad;Booker;Beard LLC;West Gabriel;Maldives;001-741-430-6383x602;930.509.1674x306;robinfitzpatrick@hardy.biz;2022-03-26;http://www.benson-pratt.com/
284;fF9831315E6f223;Sue;Lowe;"Hancock; Donaldson and Stout";Port Penny;Chile;(035)891-2078;857-576-5997x76907;malik44@stanton-salazar.com;2020-09-19;https://www.camacho.info/
285;E5Bc9CFdD7E8cCe;Sheena;Donaldson;"Villanueva; Li and Hurley";South Robynton;Brazil;+1-711-991-7360;+1-562-005-5140x18832;candace29@diaz.com;2021-04-12;http://www.scott-lutz.com/
286;adda0c4d56eEd0F;Kari;Morton;Michael-Sparks;West Greg;Malta;608.128.5858x862;887-141-3625x6271;jaredchase@solis.net;2020-06-27;http://www.mccann.biz/
287;DEbD6eAd8F2bba4;Phillip;Mccarty;Ritter-Kelley;Jefferyton;Malta;456.256.7271x9394;001-871-819-5138x94278;shirleybeasley@hurley.info;2020-08-15;https://www.arellano.biz/
288;4D26D6AD5D4DD5a;Shawna;Beasley;"Olsen; Barrera and Robles";West Gene;Saint Pierre and Miquelon;321-895-3140x030;212-501-9922;kowens@peterson-jimenez.com;2021-09-03;http://www.gregory.org/
289;F4DE3fFc9dadB0D;Ray;Yu;Vaughan-Wyatt;South Clayton;French Polynesia;5471798652;001-361-871-8894x96041;zfigueroa@cummings.com;2021-04-01;http://www.white-vargas.com/
290;E65bAC9F22075AC;Damon;Stanton;Joyce Inc;Rubenstad;New Zealand;(311)420-8154x573;+1-962-050-4131x01819;yesenia49@lester-martinez.com;2022-03-06;http://villegas.com/
291;d3D39beeB3Bc61D;Annette;Zavala;Reed and Sons;North Leroymouth;Nauru;(790)744-4006x3025;+1-887-546-6874x484;matthewssamantha@english.com;2020-07-10;http://www.barry-robertson.info/
292;Ca3F36CBccea0B5;Michaela;Keith;Atkins-Chandler;Camachostad;Malta;001-083-605-6953;284-011-3540;astone@dalton.com;2020-08-28;https://glover.com/
293;458261304518CEd;Valerie;Pace;Schultz PLC;Cristianbury;Slovenia;+1-805-649-4669x75424;001-045-804-0348x6523;walldarius@riggs.com;2021-10-16;https://www.bright.com/
294;78ac17Cc0E0b444;Danny;Hall;"Coleman; Berg and Larsen";Harrellland;Norway;(937)866-9688x17423;001-778-967-6161x67221;regina78@sampson.net;2021-11-13;https://www.harding.com/
295;aec5CeDc949143F;Kristy;Paul;Ortiz and Sons;Brentside;United States Minor Outlying Islands;001-028-436-4997;(590)746-8290x729;kirsten26@chaney-stephens.com;2020-02-17;http://acevedo-baker.com/
296;9Cfc61ebC5682F2;Kelsey;Rowland;"Russell; Oconnell and Merritt";Port Jakeside;Antarctica (the territory South of 60 deg S);+1-969-804-4669;4522340902;stacybradford@callahan-powers.com;2022-01-13;http://www.ortiz.com/
297;cec5D53082Ba76C;Alyssa;Woodard;Horne-Guerrero;North Jamesside;Panama;+1-371-916-6695x29105;001-344-303-0348;wbuckley@randall.com;2021-10-08;https://chaney.biz/
298;107A505E4ED6aCf;Deanna;Larsen;"Kirby; Berg and Cantu";North Mathewtown;Angola;993.934.2508;001-526-821-9561;arthur45@valencia.net;2020-06-09;https://duarte.com/
299;EbEd31AB1596CA7;Jackson;Sawyer;"Simpson; Zhang and King";Hooverburgh;American Samoa;(991)556-3832x548;(729)282-0184;hectorlewis@gay-goodman.org;2022-05-04;http://ali.com/
300;A5Aef07bB307eaD;Chloe;Hodges;Atkinson Inc;Port Loriburgh;Lesotho;532-733-6539;+1-758-696-2112x340;ldiaz@barr-russo.com;2021-05-06;http://mckinney.com/
301;6cd647EbF5111c8;Brooke;Dominguez;Strickland-Ramos;West Heidiborough;Albania;(119)228-4507x009;391.740.8097;elijah82@chambers.org;2020-03-19;http://www.roy-mata.com/
302;DA85ce14eDd49EB;Kristopher;Hammond;Hopkins-Hawkins;New Martha;Vietnam;8589013055;001-908-067-4996x26932;pgreene@stanton.info;2021-05-15;http://www.horne-bradshaw.net/
303;9d25749a97f74A8;Lauren;Allison;Finley Ltd;South Adrian;Mauritius;001-174-870-2513;5880973986;kristinwhitaker@bullock-wilkerson.com;2021-04-03;http://www.skinner-randolph.com/
304;19dB3E396bf4243;Gloria;Walters;Reed-Spencer;Michaelberg;Guernsey;(285)923-6414x985;095.027.6923x8251;jillfoley@oconnor-french.com;2021-11-20;http://kane.info/
305;cF4d1c32929Dada;Wanda;Lara;Duffy-Walters;Tracyview;Reunion;001-914-185-0578x188;948-842-8438;bhenderson@ashley.net;2020-12-07;https://simpson.info/
306;EFba6C3ACF7b9dd;Albert;Mendoza;Oconnor-Hester;Marieview;Christmas Island;(573)480-3663x42262;338.627.0604x2965;mspencer@blackwell.biz;2020-10-01;https://sloan.org/
307;8Ce1Fb6D34F288b;Wayne;Gomez;Owens-Hale;West Sonya;Vanuatu;+1-633-747-5786x82865;687-760-2164x42491;hollowaykatherine@jones.com;2020-06-05;http://www.le.com/
308;f0bFeBE2EcC6E44;Elijah;Wagner;Snyder-Mccoy;West Diane;Somalia;151-710-4724x7177;+1-904-493-3489x267;opace@conway.net;2021-06-06;http://haley.net/
309;9Ae0C63D66E0bFC;Vicki;Davies;Russo-Barker;Sergioton;Denmark;614-313-5065;(369)605-8659;joseph80@hunt.com;2020-02-02;https://brock.com/
310;c927E6840FF4A0c;Angie;Navarro;Howell Group;Dianeborough;Namibia;1861519660;725-519-2910x288;kirstennicholson@terrell.com;2021-10-15;http://www.gentry-barnett.net/
311;Aab0fC31E4ad1BE;Mindy;Kelly;"Galloway; Nichols and Day";Ballbury;Chad;+1-655-102-7092x7916;4551727374;vfaulkner@thompson.com;2021-04-25;https://www.carr.com/
312;7Ee6b3d96fFF18C;Dominic;Frost;Skinner-Carpenter;Mcintyreshire;Tuvalu;6382645124;421-381-7221x187;lisamathews@huff.com;2022-01-09;https://gaines.biz/
313;dBE9AD5da1dA286;Judith;Holden;Finley-Hanson;Port Tanya;Isle of Man;001-730-982-6195;205.962.1527x3276;joy10@johnston-oneal.info;2021-01-01;https://www.bauer.com/
314;E44e636cfE26CfB;Maria;Conrad;"Blackwell; Torres and Solomon";Port Ricardomouth;Norway;(899)628-5978;7821216654;gabriel57@spence-thompson.com;2021-11-15;https://www.horn.biz/
315;a1bBBEBDfb3Fe3f;Phyllis;Fischer;"Henson; Khan and Padilla";Austintown;Trinidad and Tobago;(273)538-2624x2121;728.516.1523x240;catherine30@lewis.org;2020-05-18;https://frye.biz/
316;9E64AAAcC13A14b;Caitlin;Hardy;Farmer-Donovan;Bruceborough;Fiji;8236429869;6652007353;toddarcher@haley.org;2020-08-23;http://www.dickson.org/
317;dAE25B64E0AbFC1;Katie;Rios;"Zhang; Christian and Cruz";North Chad;Croatia;878.633.3191;833-852-7856x6413;jeffersonbrandi@cannon-trevino.com;2021-11-21;http://robbins.com/
318;5F131a198B25fDD;Derek;Soto;"Everett; Moran and Stone";North Gregg;Ireland;248.205.0443;301-878-9007x00289;kyates@holder-coffey.org;2021-03-12;http://guerrero.com/
319;6B9a7ADdad70dC2;Maureen;Brown;Brown-Swanson;Eileenview;Nicaragua;(787)002-4567x28724;494-230-4588;xgarcia@ross-hatfield.com;2021-02-22;https://daniels.net/
320;8A8BcAfeafff70D;Melanie;Ingram;Andersen Inc;Hensleyside;Bangladesh;066-212-1907x57334;+1-089-218-4643x612;michaelcheyenne@ewing.info;2022-05-16;http://www.kaufman-callahan.com/
321;3DcCaBb218383a6;Kristopher;Bailey;"Estrada; Hendrix and Molina";Joyceburgh;United States Minor Outlying Islands;879-651-6578;565-294-1559x715;marco90@friedman-franco.net;2021-06-16;http://romero.biz/
322;67ECBda6a4CA8f4;Justin;Hendrix;Pham Ltd;Marvinville;Costa Rica;958.055.4898;001-002-454-2007;fphelps@cole-gay.com;2020-03-01;https://www.duarte.com/
323;731C1AB0cAF588b;Curtis;Armstrong;Boone LLC;Barkerchester;Comoros;955.476.5937x20987;357.645.5729;monique66@daniel.info;2020-03-09;http://ochoa-hodges.biz/
324;F9fD297E42BC6E6;Crystal;Baxter;Whitaker PLC;Port Gregville;Cook Islands;312-423-8877x6854;2512772210;clintonsuarez@duke-garner.com;2022-04-17;http://buchanan-campbell.com/
325;3e3eB4c40Ee3B2a;Leon;Washington;Brooks-Stone;Port Edwin;Slovakia (Slovak Republic);991.790.9799;140-405-2445;tanyameza@matthews-paul.info;2020-06-01;https://davis.org/
326;2Ebd3393bFcCB80;Erik;Haney;Short-Dodson;Candaceton;Russian Federation;991.634.8117x277;001-714-593-6648x98143;kaylakirk@reynolds.com;2020-07-25;http://www.huang-soto.com/
327;e600788c3dC0b57;Faith;Park;Lloyd PLC;Sarahberg;Central African Republic;+1-513-668-9279x5188;+1-390-080-4930x9375;mosstina@french-burnett.net;2020-08-06;https://www.frazier.com/
328;bE341222cAfC4cF;Joy;Valencia;Graham Ltd;Coltonmouth;Chile;752.730.7527;146-236-7586;rgrant@booth.info;2020-08-21;http://www.villa.com/
329;F8d6Ecac4bfAaB5;Sierra;Green;Fletcher-Woodard;Mcintyremouth;American Samoa;744.622.2894x733;(232)158-3342;tasha23@cooley-vance.com;2021-01-15;https://www.pruitt.com/
330;c2de20A4fAf68fe;Jasmine;Fisher;Preston Group;East Pamela;Turkmenistan;(006)681-9446x6026;(614)651-9938;arellanoerin@roberts.org;2021-05-24;http://harrell.biz/
331;7E28aDB65b9D6Db;Anthony;Clarke;Bonilla Group;Reeseshire;Martinique;+1-043-839-9795x17910;390-366-6570x169;warelydia@coleman-morrow.com;2020-08-04;https://www.underwood.com/
332;97Bc909c7909956;Courtney;Christensen;Mcbride-Kennedy;New Candaceside;Azerbaijan;+1-251-376-4175;+1-081-267-7340x98949;shannonevans@watkins.com;2021-09-04;http://www.ingram.info/
333;50de05ec05bECd4;Jamie;Vincent;"Wiggins; Porter and Frederick";Grantshire;Belgium;001-577-371-0497x16742;665.873.8899x696;gonzalezjonathan@arias-lee.info;2021-12-28;http://mcguire.com/
334;1E0a4D06c687Fab;Phillip;Burton;"Gallagher; Hester and Pittman";Michellefurt;Saint Pierre and Miquelon;001-168-779-0247;106.948.4327x14050;dalton27@barron.com;2022-04-06;https://zamora-taylor.info/
335;c4781c7C9ef04BC;Daisy;Moss;Jennings LLC;Barkerhaven;Ecuador;336.428.6831x49857;609.168.9331x7577;jordanhodges@huff-hensley.biz;2020-01-24;https://www.dougherty.biz/
336;d7EdAC9469e30F8;Janet;Cisneros;"Mack; Buckley and Vega";Averyport;French Guiana;+1-497-007-0822x525;478-404-8942;jimmymcfarland@mcdonald.net;2020-04-21;https://carlson.com/
337;c90Ab5BA65aCDbB;Cassidy;Conner;Huerta-Hobbs;Lake Sandychester;Uganda;(817)425-7030;001-713-480-0518x892;jacobrojas@cummings-kelly.com;2021-06-21;http://www.love-higgins.com/
338;C1DBc8d4CB9b8F2;Carrie;Downs;Barker PLC;New Miaburgh;Jamaica;001-208-863-9743x44787;001-634-376-4921;marilynandrews@cobb-watkins.com;2021-01-05;http://www.leach.com/
339;9ACDAbEa46b9cBB;Carmen;Walsh;"Johnston; Love and Garrett";Audreymouth;Bermuda;662.852.8673x238;217-498-5903;bradleysophia@burnett.com;2020-05-11;https://www.barajas.com/
340;FebD11a0a4f3BE1;Anita;Daniel;"Chapman; Rojas and Morgan";Richardfort;Angola;(258)690-1199x499;+1-033-650-2789;valentinecaitlyn@henry.com;2020-06-30;https://www.mcpherson.com/
341;19B48e08DadC372;Jacob;Livingston;"Stokes; Brennan and Potter";Lake Natashatown;Philippines;4775965171;(685)130-9960;elaine95@kerr.com;2021-04-04;https://colon.com/
342;92bFddD0C16C99c;Brent;Maldonado;English and Sons;New Darren;Puerto Rico;665-732-3833x685;+1-194-449-2684x4178;phillip17@wade.net;2020-02-02;https://www.dominguez.biz/
343;1C6be3affF9cCFe;Alexandria;Walters;Obrien-Wise;East Brendaborough;Slovenia;001-480-013-2079x644;642-251-4234x321;clifford91@combs.com;2022-02-10;https://blankenship-mcpherson.com/
344;C9c35E6F9A125CE;Chase;Cooke;Mason LLC;North Nataliefurt;Bosnia and Herzegovina;337-592-5339;+1-369-587-4745x6291;zrobbins@ross.net;2020-12-26;http://www.russell-clayton.com/
345;A57f47CEF3827Bd;Brady;Foster;Crawford PLC;Copelandmouth;Chad;973.879.7109;001-515-619-3114x890;shelby36@lawrence-love.com;2021-05-11;http://joseph.com/
346;0CEEec4Cf248929;Ronald;Bradshaw;Becker-Copeland;Port Priscillafort;United States of America;(338)657-8747x492;001-964-879-7515x5491;isabelburnett@kaufman-stevenson.com;2022-03-31;http://www.grimes.net/
347;BE352a8cB4F8d86;Bridget;Porter;Wyatt Group;Levinehaven;Uganda;266.436.0582x2195;001-165-696-3031;buckleyperry@herring.com;2020-03-06;http://roberson.info/
348;FDC43e3cf566Cc8;Meredith;Merritt;Sharp Inc;Connerside;United Kingdom;435-022-5700;075-072-4707x71561;juliannash@richardson.org;2022-04-29;http://www.sweeney.com/
349;Fd126e2a424Bbbc;Briana;Barnett;"Morgan; Horton and Martinez";Lake Dianachester;Israel;001-762-714-6896;463-501-5962;fryjeff@baxter.com;2020-12-10;https://watkins-webster.com/
350;6BC3beeFbfdacbe;Grant;Mclaughlin;"Villanueva; Bonilla and Tucker";Wallsberg;China;105.107.1716x9500;8544456772;cindypatton@page.biz;2021-05-16;https://freeman-stokes.net/
351;4bBddAD537F3Cf0;Brandy;Newton;Gonzales Ltd;East Nichole;Guinea;+1-055-389-4528;(809)225-5616x09226;qmaddox@huber.net;2021-05-30;https://carroll-poole.com/
352;acdFD08C5cBA6CA;Guy;Brennan;"Larson; Joseph and Richard";New Amandamouth;Trinidad and Tobago;030.070.7384;+1-415-226-5597;angieosborne@michael-simon.com;2020-05-06;http://hubbard.org/
353;86DA46fCE9ebeB8;Ann;Simmons;Thompson-Dixon;South Johnny;Cape Verde;(990)368-3255;(809)149-9531x85719;xharper@stevenson.com;2021-06-18;http://gonzales.com/
354;EecDfbaadAfe0DD;Willie;Estes;Bell-Wright;East Ana;Guadeloupe;801.957.3435x0679;(906)513-9984x7443;bairdangie@villegas.biz;2021-06-08;http://www.nielsen-delgado.com/
355;1aD2deA0fde50BA;Joan;Gregory;Hartman Inc;Port Kylieville;Korea;305.639.5002;453.485.8642;xvang@schmidt.com;2020-11-01;http://blanchard.biz/
356;CBcfFC286FDc461;Rebekah;Barnes;Arias-Montgomery;Bethanytown;Pakistan;(472)810-4201;306-531-6684x302;christianmata@gates.com;2021-02-17;http://patel.biz/
357;78BAC1f42DD76d8;Meghan;Chaney;Hill PLC;North Nathan;Mauritius;(312)872-2270x734;+1-619-876-6877;emorgan@kelly.net;2020-09-09;http://richardson.com/
358;d1E90edB3230E6e;Peggy;Mckenzie;Frey Group;West Sylvia;Saint Lucia;041.619.0091x52202;250.314.9591x3019;vargasnoah@johns.com;2021-07-29;http://www.williamson-hernandez.net/
359;2aeB0fAF9Fd1A2A;Jill;Schaefer;Molina-Fritz;West Carl;Cook Islands;+1-983-220-0215x955;+1-210-246-0470x5906;bfitzpatrick@kelly.com;2022-03-08;https://callahan.com/
360;a21Ce6067cD633E;Drew;Patterson;"Ruiz; Leon and Salinas";Diazmouth;Congo;+1-629-893-3866x5762;484-379-5918x42421;mbanks@dorsey-sanchez.biz;2020-01-25;https://www.hunter.net/
361;ace763c03c1eED8;Melissa;Potts;Bauer-Zavala;Padillaton;Bosnia and Herzegovina;+1-761-964-7294x350;376-094-5704;nicholas11@lyons.org;2021-10-29;http://solis-castro.com/
362;f29E3D8ec3aFda0;Frances;Rosario;Ellison Ltd;Danielberg;French Polynesia;001-776-564-8909x0975;+1-519-628-1271;anita51@bailey-miranda.net;2020-01-07;https://matthews-meadows.com/
363;CdDB5Bcb91A60e7;Kelli;Adams;Duffy-Quinn;West Dakotaborough;Costa Rica;5232340972;+1-455-531-0276x75217;blakedunlap@bautista.com;2020-03-12;https://joseph.com/
364;a333dB8F2cf884A;Melissa;Boyer;Shah Group;Lake Coltonmouth;Slovenia;2214610235;(593)663-1279x424;chendrix@duncan.com;2020-12-22;https://www.diaz.com/
365;46FFb5Bf67A6EcE;Cynthia;Bryan;Pollard-Mcknight;Gordonchester;New Zealand;994.105.5820;784.491.2221;zhubbard@reilly-mccall.net;2020-05-05;https://www.valentine.com/
366;9aB46f1DeA40bCD;Sandy;Schaefer;Shannon-Nixon;Royhaven;Croatia;001-989-420-4196x19058;144.472.3581x450;nrandall@brown.com;2020-07-24;http://www.michael.net/
367;2e15e6Ea65AAcC3;Robert;Perry;"Hancock; Simpson and Faulkner";Danielsstad;Liberia;563-746-1695;964.893.5912x1370;romandeborah@carter.com;2022-04-09;http://villarreal.com/
368;9Df04dcEec38175;Gerald;Morales;Mora Ltd;Robertoberg;Congo;666-844-5078x9437;171-663-3726;mckenzieroberta@leach.org;2020-02-26;https://stevenson.info/
369;ddEe60B8e39AF8d;Bill;Hardy;"Mason; Proctor and Freeman";North Jessechester;Fiji;135-097-2385;(754)344-9493;antonio01@schmidt.org;2021-11-19;https://reese.biz/
370;B5C977deC68EdCd;Mallory;Fisher;"Farmer; Heath and Rose";South Phyllishaven;Uganda;(681)298-7068x63922;725-582-4665;campbellcarla@bond-fischer.info;2020-07-05;https://www.whitehead.info/
371;6ae3C4A2f3D7023;Kevin;Esparza;Miranda-Acevedo;Glassmouth;Germany;960.187.8427;(652)414-1590;ryanchristina@byrd.org;2021-05-30;https://www.pitts.com/
372;Fe7Fd8EfebF2Fd2;Justin;Mata;Fowler Ltd;Schroederfort;Thailand;001-363-472-7690;001-078-935-5717x29727;dorothymaxwell@patton-fernandez.com;2022-03-26;https://www.hobbs.com/
373;70ace5bad5Ce2a7;Sally;Golden;Rios and Sons;Jeanneview;Morocco;074.545.4625;412.164.8140x5271;stricklandregina@perez.info;2020-04-21;http://nichols.com/
374;4f8C01FDceBcd23;Samuel;Yates;Fleming-Dunn;Zimmermanside;Spain;694-008-9791;343-349-2513;ayerschris@gilbert-landry.org;2021-03-17;http://page.com/
375;25CFb6d4DF3aA87;Carla;Wolfe;Becker-Howard;Alishaborough;Kazakhstan;520.277.0142x65524;+1-017-185-1301x606;aaron28@arellano-lang.net;2021-01-12;https://www.ayala.com/
376;C795d33EFa0E2F1;Caitlin;Hendrix;"Valentine; Hinton and Schwartz";New Edwardberg;Poland;936.599.8937x35672;019.248.1683x1364;barrybecker@bauer.com;2020-10-19;http://www.tran-dawson.net/
377;83Beee4A53fBa66;Willie;Flynn;Roberson Group;South Cole;Madagascar;248.782.4477x032;001-480-347-3005x428;marissa82@charles-moore.net;2020-01-24;http://www.contreras.com/
378;c25C9c8F6FeCBa4;Sydney;Edwards;Hines LLC;New Emma;Denmark;(944)427-1207;050.915.6610x8821;flemingvernon@bean-le.com;2020-04-03;https://www.gibson.com/
379;9a0BDf9cEf1f76d;Jim;Villegas;"Browning; Avery and Mercado";Emmaton;Ghana;525.864.9616;2353584783;fpope@buck-carney.info;2022-01-05;https://www.rocha.com/
380;A279b43D552Aa2E;Kaylee;Ramsey;Pittman-Dorsey;New Connor;Barbados;503.847.5737x16504;913.302.8692;mbright@henry.com;2021-03-19;https://www.parsons.com/
381;Db3e47FaFdBE7Ba;Laura;Zamora;Colon-Sampson;Gardnerport;Uganda;+1-449-493-6747x404;+1-778-276-5327x54075;mchandler@bailey.org;2020-03-15;https://www.murphy.com/
382;aEFdfb74fd3C89d;Sierra;Roberson;Payne Inc;Carrieland;Fiji;+1-902-711-7691x7835;954.895.6041;cindymclaughlin@jackson.com;2022-04-30;http://parks-collier.com/
383;d9eaffba5a14dB2;Martha;Rhodes;"Pitts; Coleman and Ingram";Tracyport;Albania;277-623-0864x212;+1-968-004-2196x163;rmoses@tanner.net;2021-11-05;http://www.hudson.com/
384;8efE4D4084590A0;Kristi;Cortez;Holder PLC;West Connor;Norway;+1-700-943-8756;(845)221-2397x51427;evelyn41@stanton.net;2022-03-25;http://www.day.com/
385;42CfACE21f9eb63;Damon;Daugherty;Galvan-Lloyd;Gabriellaborough;Macao;3153985378;2970579866;wbarton@orozco-banks.com;2021-08-27;https://harris-haynes.org/
386;Feab72ebad6BEC9;Jeffrey;Hunt;Hensley PLC;Nolanmouth;Guadeloupe;909-364-8280;001-152-985-4300x9420;qreid@mckay.org;2020-04-02;https://www.graham.com/
387;d6d5afF530F829c;Rebekah;Valencia;Mullins LLC;Velezmouth;Burundi;657.676.7271x4913;047.133.6148;marc51@gibson-wood.com;2020-12-06;https://www.hardy.com/
388;EcF859343EEBaB7;Todd;Quinn;"Woodward; Lutz and Orr";North Maxwell;Cyprus;2598721399;001-453-275-6105;roberthenry@davenport-middleton.org;2021-11-30;https://www.barnett.com/
389;b07c2Dc76d5b32C;Clarence;Church;"Rasmussen; Wu and Hawkins";Abigailstad;Hong Kong;1946419219;(559)009-3592x74098;daniellebooth@underwood.info;2021-08-13;http://www.tucker-kelley.info/
390;C18a4Fbe5D008f6;Candice;Livingston;Marshall Inc;Lake Kathrynburgh;Mexico;001-205-673-8989x77190;237-030-0300x015;thall@soto.com;2021-03-21;https://www.rowe.com/
391;ABDfB9aE6FE5Bbf;Ana;Lopez;"Gentry; Carr and James";Barnettmouth;Angola;(999)273-7424x0499;(443)757-1385x002;bwalter@church.net;2021-10-26;http://jones-hendrix.com/
392;1fDA21A6f3c75b4;Norman;Lang;"Holden; Gould and Chan";Villarrealview;Guadeloupe;919-062-2686x56805;264-147-8992x048;jenna30@dickerson-vaughn.biz;2021-05-02;http://mejia-blevins.com/
393;eb8194eBCd83BAb;Becky;Allison;Nunez-White;Juliaberg;Netherlands Antilles;001-471-208-3345x956;485.286.2126x9443;longcindy@wheeler.com;2021-05-24;https://kennedy.org/
394;BF617C9AFb4Ce07;Sean;Warren;Price Group;Port Mike;Ukraine;001-001-508-5324x936;874-700-4988x6744;soniamcguire@mullins-stevenson.com;2020-10-07;http://barron.net/
395;7f371E09D0d2df7;Vickie;Finley;Spears LLC;West Nancy;Guinea;001-721-934-4214x040;+1-951-944-0860;eavila@allen-gillespie.com;2021-10-06;http://www.luna-santana.biz/
396;DADE73d661aac56;Erin;Boyer;Krause-Maldonado;Gallagherstad;Heard Island and McDonald Islands;(031)356-5581x111;(645)854-3522x9465;leslie12@pitts-holland.com;2020-03-16;https://www.meyer.biz/
397;eDaAFa8fE2aE31c;Ariana;Avila;Walter-King;Beckyfort;Christmas Island;139.424.1890;518-012-0400x682;mcgrathkatie@lynch-conway.com;2021-05-20;https://www.smith.net/
398;dafD9b63FCD6BBA;Tanner;Nguyen;Peck-Boyle;Emmabury;Turks and Caicos Islands;020-790-3668x2455;+1-514-616-2997x6779;grossstuart@cooke.com;2020-04-24;http://gamble.info/
399;dbaD3607b79a93c;Sheila;Cardenas;Copeland Inc;Juliestad;Romania;326.362.3213x2697;+1-774-246-8617x95136;ibenitez@maxwell-martin.org;2020-03-31;http://gilmore.com/
400;BB1BbBBcaF99F74;Chris;Keith;"Dudley; Khan and Young";Teresafurt;Paraguay;272-651-3784x472;+1-163-971-4162x902;gilmoredustin@kerr.org;2020-07-21;https://saunders-stuart.com/
401;7022d84c9cBc309;Bradley;Sanford;French-Berg;Selenatown;Honduras;158-673-3550x484;7432518490;nunezsavannah@henderson.info;2021-11-16;https://vaughn.com/
402;6848680a9f76021;Ariana;Carney;Mcneil-Horton;Dominguezborough;Bulgaria;1890761570;4091801620;caitlynrosario@maldonado-stevenson.com;2022-01-16;http://www.riddle-weber.com/
403;E5e903Eb61ECcef;Elizabeth;Logan;Peck PLC;Geoffreymouth;Paraguay;633.088.3844;8980732697;kirkbradford@ibarra-bradford.info;2020-04-17;http://mueller-carpenter.com/
404;AF302C6b37e6dBd;Adrienne;White;Tyler-Riley;Mariohaven;Malaysia;+1-224-818-9716;011.984.0601;leroy07@becker-winters.com;2022-01-10;https://mullins.net/
405;bd7Da4B82F28279;Zachary;Shaffer;"Haynes; Lara and Lara";Mccormickmouth;Czech Republic;(713)867-5810x3140;540.738.7911x210;avilasummer@hensley-richmond.net;2022-01-30;https://www.burgess.org/
406;4C657EFbce24508;Mercedes;Hester;Olsen-Humphrey;Amandahaven;Eritrea;008.963.8003;(756)588-4888x2158;thomas95@watson.info;2022-02-19;http://www.solis-villa.info/
407;9BE9eDbE566ECBF;Stephanie;Rivera;Dalton-Payne;Lake Billytown;Micronesia;(488)566-9723;001-510-318-7545x939;daniel67@davidson-stephenson.com;2020-10-19;http://bridges.com/
408;1F7cF53c7ebFc3D;Francis;Bradford;Contreras PLC;New Hayley;Sudan;(266)493-2713x08961;241.387.2339x4572;alejandra14@quinn.com;2022-01-11;http://maynard.com/
409;FE5Ee2dEeE4cE28;Marilyn;Peck;"Solomon; Potter and Merritt";Oscarborough;Western Sahara;(319)744-3383x354;1974058669;stacy53@gardner.com;2022-04-30;http://www.frank.com/
410;85A35A4B7C5aCcA;Greg;Wiggins;Cunningham and Sons;South Rhondafort;South Georgia and the South Sandwich Islands;629.068.6674x53648;581-683-4490;ymcdowell@johnson.org;2020-03-24;https://dawson-rose.com/
411;4BFCa3aef3F58AB;Glen;Clarke;Wise-Mccarty;Medinahaven;Kiribati;237-134-6669x1919;001-380-765-5484x6289;lbarron@lutz.org;2021-07-18;http://www.holmes.org/
412;cB5bF4B1e78Ecda;Kevin;Munoz;Knapp-Bernard;Castanedamouth;Seychelles;(858)198-9773x6361;020-176-9382;eboyer@hebert-rosario.info;2021-02-13;https://www.cohen.com/
413;AD11aee28Ecc768;Jasmine;Brennan;"Conway; Jones and Morton";Charleneview;Tunisia;561.311.5283x5492;398-406-9441x95528;uarroyo@david-greer.net;2021-07-15;http://www.zuniga.com/
414;aE4B7E7a93Bd19d;Janice;Baldwin;"Greene; Novak and Flores";Bowersville;Liechtenstein;(034)640-6218x7316;662.603.4987;sbrooks@sloan.com;2021-07-06;https://fitzgerald-olson.com/
415;Dfe8e5318F1de42;Pam;Atkins;Chase and Sons;Lake Leslieborough;Taiwan;7209726342;783.775.8921x2153;gdoyle@hooper-johnston.com;2021-08-25;https://webb.com/
416;8dBF4A43b2a4fA2;Bill;Gates;Townsend-Hodges;New Jenna;Cook Islands;3137910453;001-636-911-6755x2947;chanselena@pitts.info;2020-03-17;https://www.day.info/
417;aCF2Cb91eCB8508;Hayley;Swanson;Sellers-Martin;Lake Terrencemouth;Sri Lanka;+1-437-602-5300;(092)476-1804x587;rickybarrera@mathis-nicholson.com;2022-02-11;http://schroeder-schmitt.com/
418;185BBB7e52feEDA;Jack;Maddox;"Welch; Gonzalez and Cardenas";Burnsbury;Estonia;(710)713-1916x5666;404-929-6015x0843;parkcorey@navarro.com;2021-08-31;http://crawford.com/
419;659874894840d78;Judy;Middleton;Galvan and Sons;Lukeville;Belarus;+1-903-323-7946x9825;359-078-3850x89196;tuckeradriana@cannon.com;2021-03-20;http://torres-trevino.com/
420;94a7dD4Da913FBa;Allison;Hill;"Morgan; Camacho and Murphy";East Tabitha;Uruguay;9154881770;001-551-193-5789x16645;charlotte25@christensen-allison.com;2021-12-08;https://fritz-blair.com/
421;68fbb98f6EbD971;Jack;Robbins;"Choi; Galloway and Fox";Kevinbury;Norway;001-084-704-0454x28664;330.200.8023;haasderrick@ortega-kirk.org;2020-12-02;http://farrell.com/
422;E3Be47B2Bc0fb08;Lisa;Blackwell;Daugherty and Sons;New Mackenzieland;French Polynesia;+1-397-236-8851x31652;+1-146-452-8670x3244;nlawrence@miles.biz;2020-04-30;https://mcneil-pratt.com/
423;5a3Ed08524aA9CA;Cole;Byrd;Dillon-Perry;Hansenhaven;Aruba;+1-987-530-4402x2205;958-830-8852x883;obrienisabel@braun.com;2020-02-01;http://hudson.com/
424;8Eb623320c4D45b;Randy;Gomez;Mcdaniel Ltd;Colinland;Iran;527.791.5662;001-523-780-0623x66348;bishopbryan@mcpherson-rosario.com;2020-03-03;http://wolfe.com/
425;550c41F8764B16E;Ashlee;Koch;"Lawrence; Cox and Terry";South Whitney;United States of America;(832)608-7152;9888960958;mooreian@arias-lloyd.org;2021-04-28;http://www.chen.net/
426;acE14807eD40972;Mitchell;Horton;Brown PLC;North Dominicborough;Bouvet Island (Bouvetoya);251.305.4006x736;(289)629-3070x640;erinlittle@carroll-duncan.com;2021-06-30;http://www.wallace.org/
427;3af3B3a4ddFB28E;Guy;Williams;"Hendricks; Mccormick and Schaefer";Port Bethanychester;Saint Kitts and Nevis;001-217-924-3833x63325;326.844.2571x900;austin73@gordon.net;2020-02-16;https://www.evans-stanton.info/
428;aFeB020b9a24cb4;Erika;Thompson;Colon Group;Franklinberg;Slovenia;148-613-6155x55441;(781)742-9699;nkoch@hardy-wallace.info;2021-11-14;http://www.porter.com/
429;CEe46Ca6cB6D3e9;Autumn;Rogers;Bowers Ltd;Stoutview;Panama;067-985-0255;780.088.8664x51628;byoung@bailey.com;2021-07-29;http://www.wall-colon.com/
430;cd1D0d3ABf09FBA;Dan;Murray;"Mora; Compton and Gregory";Alvaradohaven;Moldova;(516)030-4038x326;580.939.6109;kathleenle@martin.com;2021-06-06;https://www.fowler.biz/
431;d0813Ac7Ece4c58;Herbert;Tran;Mcintyre-Gaines;West Gerald;Bolivia;415-536-8137x415;307.873.0334x73452;meadowsmandy@baker.info;2020-11-22;https://www.bell.com/
432;BceA40c37Afe437;Zoe;Rojas;"Browning; Hayes and Barber";Port Glen;United Arab Emirates;001-410-263-1855x0930;+1-980-846-5317;lynnkelli@kirk-bell.org;2020-05-14;https://www.cantrell-taylor.com/
433;Ce1956ED0Bd72B5;Theresa;Holt;"Hawkins; Estes and Phillips";South Amy;Belarus;487-573-7546x37948;(006)941-7306;brent19@sullivan-schaefer.org;2021-08-26;http://baker-carroll.com/
434;Bc9Cda3AAEED2DA;Kristi;Dixon;Kim Inc;South Rodneystad;Palau;(523)214-3540;001-614-536-6394;lindsaymiranda@atkinson.info;2021-12-04;https://wiggins.com/
435;df6Beba6f80EAAf;Marisa;Patrick;Roy Ltd;East Kara;Mozambique;6703662095;001-396-528-0814x06007;zwall@page.org;2021-12-15;http://www.mcdowell.net/
436;Eb17cE4feEb0100;Tricia;Fletcher;Franklin Inc;East Kirk;Myanmar;408.412.7123x30688;1024127095;bconner@hartman.com;2020-06-26;http://www.stark-oliver.org/
437;D40eba5Dc71C4E5;Daniel;Carrillo;"Leon; Lang and Reilly";Pittsport;Kenya;6907120293;(777)479-0991x9736;parkerlogan@sutton-wheeler.com;2021-12-03;http://www.johns-lutz.org/
438;C7C79d8D3CF7Eac;Parker;Brady;Horne PLC;Lake Dillonstad;Singapore;607.658.7721x21256;(087)957-3172x946;yvonne79@mcconnell-warner.com;2021-07-10;http://www.dunlap.biz/
439;B34Ec6B249b67E8;Summer;Hancock;Kline-Wang;Larsenchester;Gibraltar;+1-870-872-8194x77839;(045)317-6109;rmcknight@bryan-king.com;2021-02-26;https://stevenson-arnold.com/
440;2BE9Fdcb52eCEFB;Samantha;Maddox;"Grimes; Morgan and Schneider";Rachelmouth;Bahamas;001-501-207-2471x684;(573)653-2044x89073;mortonsally@walls.info;2021-06-24;http://www.richard.com/
441;7A06684bC0bfbFa;Chelsey;Tapia;"Long; Terry and Garner";South Laurachester;Moldova;001-607-068-6950x55174;4282991256;wallacekristy@cross-oconnell.com;2020-05-17;http://www.david-huff.com/
442;FADa2dff9E8f3bC;Kayla;Fry;Vazquez-Wilson;New Andrew;Botswana;(986)611-0141;001-625-816-0923x62214;patriciagiles@oneill-chung.com;2020-01-14;http://www.flores.com/
443;CDae9E7C2dA5E96;Dave;Jensen;"Macias; Pham and Mcdowell";South Adriennechester;Bhutan;483-621-7937x55917;805-927-3101x4470;howard17@hickman.com;2020-10-27;http://harvey.com/
444;fCF027f2A34FdBE;Colin;Hammond;Myers Ltd;Hendrixview;Senegal;359.871.9570;552.585.1831x111;jaime31@gray.com;2020-09-27;http://forbes-valdez.org/
445;eb18D93CB584Db7;Jay;Bright;"Ford; Ellis and Kelley";North Carlastad;Portugal;661.407.1869x140;551.003.0510;dan44@chan.org;2022-03-29;https://bryan.com/
446;0aEdFcbdb76637c;Caitlyn;Cross;Bentley-Moyer;Lake Tannerstad;Solomon Islands;001-526-323-6313x65050;806.154.2363;jefferyhammond@guerra-chase.biz;2020-05-10;https://www.rivera.com/
447;d20d428FA81a2Eb;Sydney;Burnett;"David; Reynolds and Deleon";West Steveborough;Rwanda;001-848-600-5959x841;524.429.0041x0400;makaylafrost@pham.com;2022-01-31;http://www.banks.org/
448;feFBbFbF14FDaaf;Sherry;Vincent;Stephenson Inc;Randyhaven;Nauru;(532)910-1621;3707135701;zdaniels@tate.com;2020-10-02;https://humphrey-jacobs.com/
449;Ad89CaCdfDbCEbd;Ricardo;Pena;Kelly-Duncan;Port Marvinton;Saudi Arabia;5639394528;155-580-4863x3801;elizabethhobbs@parker.com;2021-08-21;http://cline.info/
450;248DFBD21eC1f73;Anne;Harper;Stevenson and Sons;Pruittfurt;Bhutan;246-514-2503x293;+1-720-685-6422x6584;josedudley@andersen.com;2021-04-03;https://walls.com/
451;9Dd0d01641fBcbD;Sierra;Crane;Mccarty-Stout;East Stefaniemouth;Guinea-Bissau;422.330.7563x52160;966.196.8005x22979;goodwinpenny@rojas-warner.org;2022-01-25;http://www.poole.org/
452;5CFcaDEd4df2DaA;Joseph;Steele;Meadows PLC;Dyerland;Samoa;(621)466-4444;749-958-2014x289;volson@carter-barr.info;2020-03-21;https://www.floyd-harmon.biz/
453;F97f1ffBF7eD33E;Destiny;Snow;Duffy LLC;Brentshire;United States of America;873-940-1704x5312;(066)607-0041;alejandro05@bradshaw-chen.com;2020-10-18;https://weiss.com/
454;b7beEa7fDE4eBb9;Jaclyn;Cardenas;"Noble; Downs and Knapp";Port Traci;Hong Kong;211-550-6047x8207;+1-193-800-2383x083;phebert@farmer.com;2022-03-24;https://hinton.com/
455;64ceeEf0e281709;Monica;Duffy;Kane-Calhoun;Port Glenda;Belarus;+1-479-586-3195x388;001-117-353-3149x28596;rramsey@graham-conrad.org;2021-12-27;https://allison.com/
456;Fd09AA3c0E32cCf;Logan;Dickerson;Arnold Ltd;Lake Robin;Heard Island and McDonald Islands;(706)788-7595x22855;948.876.9672;rachael73@spencer.com;2021-08-13;http://www.hamilton.com/
457;2eDB9DDDadDaAEd;Sonya;Calderon;Savage-Mcdonald;South Leehaven;Trinidad and Tobago;883.145.5554;(585)628-2336x835;kevinwallace@woodard.com;2022-04-07;https://barber.com/
458;dA23dA7eb28CCA9;Daniel;Charles;"Dorsey; Cook and Kaufman";Port Gilbertfort;Libyan Arab Jamahiriya;618.772.9522x892;001-047-754-2640;marvinwoodard@lam.biz;2020-03-07;http://braun.com/
459;B57341aCDf23155;Ellen;Mayo;Cross-Hendricks;Dariusborough;Sweden;(266)427-2657x375;3245655755;michaelclinton@gross.com;2021-11-13;https://tate.com/
460;8Cc44Fae8a4D395;Bryan;Odom;"Taylor; Solomon and Wolfe";South Luisside;Chile;094-007-9536x806;001-965-266-5591x622;gillespienorma@cline-boyd.org;2022-05-09;https://schwartz.com/
461;db4CBcbFfC2DBfa;Lydia;Banks;Kennedy LLC;Riosland;New Zealand;+1-480-761-9968x75709;001-887-395-5014x91968;nbuck@dalton.com;2020-07-26;http://hill.net/
462;1F1De1fC57E91Dc;Kathleen;Everett;Bernard-Davila;Maxwellport;Jordan;4099364059;001-034-680-1168x5530;mark58@blackwell-prince.com;2020-09-04;https://www.wise-clements.com/
463;A7eC3D7DAC0fbee;Mckenzie;Joyce;"Lamb; Hoffman and Maynard";South Bonniestad;Western Sahara;3778497872;001-329-677-5533;bethcannon@brock.net;2020-09-22;http://mosley-moore.com/
464;7DD7cBb39d06a80;Ivan;Kim;Schmitt-Ferrell;Port Rachel;Senegal;926.712.8532x080;4467338646;lcollier@boyd-hobbs.com;2021-09-03;http://patrick.net/
465;31C0ADfa5F40c40;Shirley;Anthony;Maxwell Ltd;West Tonistad;French Polynesia;+1-193-838-3198x1601;5959421166;phillipshayley@carr.com;2020-05-08;http://mcdowell-pugh.info/
466;B75cA9DF92eAfAf;Collin;Ortega;Daugherty-Stephens;Tanyafurt;Norfolk Island;+1-414-605-9690;091-142-1887x0417;ufriedman@rowland.org;2021-11-05;https://www.norris.net/
467;ee24eBb8cb1CeC8;Alisha;Brooks;Costa-Burton;Mataborough;Vanuatu;+1-458-122-8839;760-158-8625x32259;djarvis@gonzales.org;2021-04-12;http://gutierrez.com/
468;cfBf858FAA0EabD;Ruben;Berger;Yu-Schneider;Bradfort;Iran;001-923-163-7766x93504;+1-165-863-5878x828;ivanroman@hamilton.org;2020-06-12;https://lowe.net/
469;c0F56ea6411D6B7;Faith;Flores;Smith LLC;South Marcus;Guernsey;+1-890-354-6542x581;+1-107-204-6659x94816;eric18@avery.com;2020-01-12;https://www.powers.net/
470;d673Cf1D28AdcFa;Briana;Melton;"Hebert; Oliver and Moody";Johnsburgh;Saint Barthelemy;(336)645-5747x123;911.310.2413;haleymeadows@coffey.com;2021-06-25;http://bates.com/
471;FbD9Bf3efE3fF7A;Colleen;Duffy;"Boyle; Randall and Ward";Lake Cassandrabury;Papua New Guinea;974.247.2892x977;+1-053-035-5859;fshepard@arias-rosario.net;2021-01-01;http://www.colon.biz/
472;E8d513c581d99Ce;Amber;Andrade;Mueller LLC;East Kayla;Bolivia;001-139-457-7156;001-714-719-8135x8601;watsonandres@clarke.com;2020-02-17;http://rasmussen-davenport.com/
473;CCd8a39Fb07bdfc;Samantha;Singh;"Baldwin; Gordon and Doyle";Port Barbaraport;Kuwait;001-507-587-8245x4730;(232)243-6220x99551;annahood@herrera.info;2022-04-05;https://fletcher-welch.info/
474;3e4eCCE32aF6B3a;Edward;Mcclain;Mcneil-Knapp;Contrerasstad;Equatorial Guinea;001-376-296-3121x841;140-644-6729x6107;cherrykurt@durham.org;2021-08-07;https://www.yu-moody.com/
475;99cafEbeb024B3C;Leon;Harmon;Donaldson Inc;North Billyport;Cote d'Ivoire;988.120.4213;+1-412-682-2584x99801;johnny51@davenport.com;2020-09-23;https://banks.com/
476;7e63dC1A7E8D5d3;Misty;Fry;Caldwell-Summers;Blackport;Spain;773-211-3714;+1-795-426-9410x99573;armstrongsheena@sullivan.net;2021-11-24;http://www.gould.com/
477;D45A1BfB0D35C9f;Kirsten;Gardner;"Middleton; Ali and Edwards";Lake Jacobtown;Thailand;(061)557-9745;774-084-5019x9267;castillodan@coleman-ross.com;2022-05-12;http://skinner.biz/
478;635De41f687c324;Lacey;Levy;Gilmore and Sons;Lake Warren;Belarus;(401)895-1449;(050)395-2080;houstondesiree@neal-combs.org;2020-08-26;http://garner-conway.com/
479;FdBDDDF1f430Ff9;Kristina;Daniel;Osborn-Meadows;Terrymouth;Hungary;(991)260-9905;899-781-3477x9722;larajody@donovan.net;2021-01-19;http://www.reynolds.com/
480;A02fFBcc8050E7F;Cory;Mcintyre;"Gardner; Barton and Murphy";South Melinda;Central African Republic;163-966-2581x607;(055)818-7808x750;huntjade@anthony-mack.info;2020-04-06;http://juarez-pena.net/
481;d3fF4F1DceACA2D;Christian;Thornton;"Duffy; Castro and Yates";Port Mariostad;Norway;001-037-597-5406;5445268667;gschultz@rollins.com;2020-10-21;https://walter-yates.com/
482;942F09eE3f6b82c;Brent;Moses;Silva Group;Haydenburgh;Vietnam;001-101-530-5658x1433;(346)952-3592x25281;george53@mcintyre.com;2021-08-06;http://www.escobar.com/
483;18C6DdeecC3A9cF;Andres;Hebert;Bolton Ltd;Donmouth;Iceland;747.141.6951;954-020-5949x887;nathaniel36@livingston.com;2020-07-30;http://www.beltran.com/
484;3e0b53f94bfE24a;Jerome;Bolton;Dalton-Sosa;Jasonview;Saint Kitts and Nevis;+1-056-462-3209x1098;8284551322;barronfranklin@mays.com;2022-03-21;http://www.mosley-mclean.org/
485;Ad94D89c739CF3A;Krystal;James;Novak Group;Kristiborough;Serbia;010-055-4525x3849;(125)508-4414x54979;daryl93@pruitt-bass.com;2020-04-03;https://singh.info/
486;b5B9e9F4822121A;Helen;Farmer;Keller Inc;West Brandy;Lao People's Democratic Republic;(581)373-2751;(679)044-0922x68889;tyrone99@english.com;2021-09-11;http://www.conrad-wallace.org/
487;fcAE0CcFcDf7370;Stacie;Ali;Hancock-Pineda;Port Seth;Peru;+1-475-250-6496x470;(015)268-6564;huynhsydney@morgan-townsend.net;2021-05-24;http://wallace-lewis.com/
488;CAcaAD99EF3c2D4;Tricia;Waller;Bradford-Bush;Rhondaborough;Uruguay;001-401-481-6270x0994;828.889.7561x52807;gilesjamie@hall.com;2020-09-01;http://www.vazquez.com/
489;4b04Da9cd34fFCE;Tina;Best;Welch-Singh;Lindseyberg;Haiti;714.238.0013;001-168-698-2384x63805;xzuniga@reed-shaffer.com;2021-08-09;http://kerr.org/
490;C428Fc5eA9E871E;Hailey;Werner;"Guzman; Bauer and Keller";Bakerberg;Ghana;637-548-4284;(620)510-9042x817;edwardsmelissa@blackwell-riddle.com;2022-04-22;http://dillon-duarte.org/
491;91EcFf93A80A41d;Dan;Kerr;"Sampson; Stone and Stanley";Tamiborough;Indonesia;001-084-871-7375;242-980-4459x2183;garnerjeremiah@gonzales.org;2021-10-16;http://www.quinn-pineda.com/
492;ebEa56Bc7778EF2;Louis;Alvarado;Petersen-Barrett;South Brandy;Iran;+1-431-494-8348x7804;001-095-522-3311x67802;connor42@hutchinson.com;2020-01-16;http://www.werner.com/
493;54Eea5A0Aa03cfb;Melvin;Reese;"Clarke; Santos and Hampton";Rickton;Svalbard & Jan Mayen Islands;(622)277-1851;540-062-0230x66941;derrick15@gutierrez.com;2021-07-20;http://www.lawson.com/
494;A9fFBc1cDF6b0e1;Alice;Whitehead;Hardin PLC;East Carla;Bhutan;380.145.7663x79623;145.895.4935;cbass@orozco-friedman.com;2021-10-13;https://www.shields.com/
495;3BA2dF6Ffa587eA;Ray;Tran;Gallegos LLC;Port Marilyn;Tunisia;001-959-224-5165;+1-731-034-4685x37266;wyattselena@branch.com;2021-02-02;http://huang.com/
496;B8BABDa477CcAcd;Crystal;Barry;"Walker; Walters and Terry";Lake Dale;Ethiopia;209-590-9084x42026;001-512-881-6108x91846;kathybradshaw@anderson-steele.com;2020-02-08;https://www.newton-vaughan.com/
497;A5AcAB9A6cA761e;Melinda;Palmer;"Lloyd; Ross and Keller";West Mathew;Zambia;5723896242;1451703925;robbinsrandy@strickland.org;2020-04-13;https://www.golden-dominguez.com/
498;d7D3BCBeFf13f3e;Max;Stevens;Andrade and Sons;Port Andrea;Kiribati;001-828-822-9276x6667;+1-715-551-8609x19994;neilpittman@daugherty-atkins.net;2020-07-16;https://www.barajas.com/
499;5981DCd9b6025b6;Kylie;Pugh;Roberts-Mcpherson;New Caitlyn;Yemen;093-101-6128x3693;254.864.7345x185;zwood@flowers.com;2020-01-24;https://cowan-lester.biz/
500;4c1FEa0fa8AD569;Lee;Boyle;Lang LLC;Vangmouth;Ethiopia;242-082-5755x4541;+1-092-028-1774;deanstacie@carson.com;2021-03-02;http://yu-george.com/